,file_name,speaker,label
0,8_lucas_9.wav,lucas,8
1,0_theo_17.wav,theo,0
2,1_theo_13.wav,theo,1
3,1_george_12.wav,george,1
4,5_jackson_14.wav,jackson,5
5,5_jackson_36.wav,jackson,5
6,6_george_8.wav,george,6
7,7_jackson_36.wav,jackson,7
8,6_theo_5.wav,theo,6
9,0_yweweler_37.wav,yweweler,0
10,4_nicolas_47.wav,nicolas,4
11,7_yweweler_20.wav,yweweler,7
12,8_jackson_38.wav,jackson,8
13,6_yweweler_21.wav,yweweler,6
14,4_jackson_27.wav,jackson,4
15,0_nicolas_19.wav,nicolas,0
16,7_jackson_28.wav,jackson,7
17,3_theo_2.wav,theo,3
18,0_george_21.wav,george,0
19,9_jackson_36.wav,jackson,9
20,2_yweweler_16.wav,yweweler,2
21,0_yweweler_15.wav,yweweler,0
22,7_lucas_28.wav,lucas,7
23,8_theo_34.wav,theo,8
24,8_yweweler_23.wav,yweweler,8
25,1_yweweler_14.wav,yweweler,1
26,4_lucas_11.wav,lucas,4
27,3_jackson_42.wav,jackson,3
28,4_george_2.wav,george,4
29,8_lucas_29.wav,lucas,8
30,9_nicolas_21.wav,nicolas,9
31,9_theo_9.wav,theo,9
32,4_theo_47.wav,theo,4
33,9_george_31.wav,george,9
34,1_george_17.wav,george,1
35,5_lucas_46.wav,lucas,5
36,1_george_20.wav,george,1
37,6_yweweler_23.wav,yweweler,6
38,1_theo_36.wav,theo,1
39,5_jackson_29.wav,jackson,5
40,3_jackson_30.wav,jackson,3
41,7_theo_21.wav,theo,7
42,2_nicolas_13.wav,nicolas,2
43,2_lucas_26.wav,lucas,2
44,0_yweweler_19.wav,yweweler,0
45,4_george_38.wav,george,4
46,5_jackson_46.wav,jackson,5
47,7_george_14.wav,george,7
48,8_nicolas_33.wav,nicolas,8
49,5_nicolas_21.wav,nicolas,5
50,6_george_17.wav,george,6
51,9_yweweler_2.wav,yweweler,9
52,6_george_18.wav,george,6
53,5_lucas_15.wav,lucas,5
54,7_nicolas_43.wav,nicolas,7
55,8_nicolas_30.wav,nicolas,8
56,5_george_40.wav,george,5
57,2_yweweler_15.wav,yweweler,2
58,9_lucas_34.wav,lucas,9
59,3_jackson_8.wav,jackson,3
60,4_yweweler_2.wav,yweweler,4
61,8_theo_20.wav,theo,8
62,6_lucas_29.wav,lucas,6
63,3_theo_32.wav,theo,3
64,6_george_1.wav,george,6
65,0_lucas_29.wav,lucas,0
66,2_george_3.wav,george,2
67,0_lucas_28.wav,lucas,0
68,6_nicolas_34.wav,nicolas,6
69,7_yweweler_30.wav,yweweler,7
70,6_lucas_37.wav,lucas,6
71,6_nicolas_8.wav,nicolas,6
72,2_yweweler_44.wav,yweweler,2
73,0_yweweler_12.wav,yweweler,0
74,7_jackson_43.wav,jackson,7
75,0_nicolas_32.wav,nicolas,0
76,3_nicolas_35.wav,nicolas,3
77,2_lucas_11.wav,lucas,2
78,6_yweweler_13.wav,yweweler,6
79,9_nicolas_8.wav,nicolas,9
80,2_nicolas_3.wav,nicolas,2
81,7_george_36.wav,george,7
82,1_jackson_4.wav,jackson,1
83,1_jackson_38.wav,jackson,1
84,8_yweweler_35.wav,yweweler,8
85,4_nicolas_16.wav,nicolas,4
86,5_theo_39.wav,theo,5
87,2_theo_7.wav,theo,2
88,2_lucas_4.wav,lucas,2
89,3_yweweler_27.wav,yweweler,3
90,1_yweweler_23.wav,yweweler,1
91,9_lucas_38.wav,lucas,9
92,6_nicolas_28.wav,nicolas,6
93,7_nicolas_4.wav,nicolas,7
94,5_jackson_10.wav,jackson,5
95,7_lucas_47.wav,lucas,7
96,6_yweweler_46.wav,yweweler,6
97,7_yweweler_37.wav,yweweler,7
98,7_george_40.wav,george,7
99,3_lucas_18.wav,lucas,3
100,6_nicolas_31.wav,nicolas,6
101,5_george_16.wav,george,5
102,5_lucas_1.wav,lucas,5
103,4_yweweler_26.wav,yweweler,4
104,5_george_32.wav,george,5
105,4_george_9.wav,george,4
106,0_theo_44.wav,theo,0
107,4_theo_10.wav,theo,4
108,7_lucas_48.wav,lucas,7
109,2_theo_6.wav,theo,2
110,1_george_21.wav,george,1
111,2_nicolas_25.wav,nicolas,2
112,3_lucas_35.wav,lucas,3
113,8_lucas_27.wav,lucas,8
114,6_lucas_5.wav,lucas,6
115,8_nicolas_13.wav,nicolas,8
116,3_nicolas_3.wav,nicolas,3
117,2_jackson_17.wav,jackson,2
118,3_jackson_1.wav,jackson,3
119,9_lucas_48.wav,lucas,9
120,0_jackson_2.wav,jackson,0
121,1_theo_20.wav,theo,1
122,3_george_44.wav,george,3
123,4_george_47.wav,george,4
124,6_lucas_49.wav,lucas,6
125,2_george_23.wav,george,2
126,2_george_15.wav,george,2
127,9_lucas_13.wav,lucas,9
128,2_yweweler_32.wav,yweweler,2
129,0_lucas_4.wav,lucas,0
130,8_theo_5.wav,theo,8
131,5_yweweler_0.wav,yweweler,5
132,1_theo_29.wav,theo,1
133,3_lucas_47.wav,lucas,3
134,5_nicolas_14.wav,nicolas,5
135,7_jackson_9.wav,jackson,7
136,0_theo_36.wav,theo,0
137,9_lucas_32.wav,lucas,9
138,3_theo_20.wav,theo,3
139,1_nicolas_15.wav,nicolas,1
140,3_yweweler_33.wav,yweweler,3
141,3_yweweler_39.wav,yweweler,3
142,9_yweweler_13.wav,yweweler,9
143,4_jackson_14.wav,jackson,4
144,0_yweweler_9.wav,yweweler,0
145,1_nicolas_11.wav,nicolas,1
146,5_jackson_16.wav,jackson,5
147,2_nicolas_35.wav,nicolas,2
148,4_lucas_25.wav,lucas,4
149,9_yweweler_47.wav,yweweler,9
150,6_theo_30.wav,theo,6
151,0_yweweler_23.wav,yweweler,0
152,1_jackson_28.wav,jackson,1
153,1_yweweler_30.wav,yweweler,1
154,3_lucas_29.wav,lucas,3
155,6_lucas_23.wav,lucas,6
156,2_nicolas_6.wav,nicolas,2
157,9_yweweler_4.wav,yweweler,9
158,4_lucas_23.wav,lucas,4
159,8_lucas_2.wav,lucas,8
160,0_george_29.wav,george,0
161,5_nicolas_23.wav,nicolas,5
162,0_george_11.wav,george,0
163,4_jackson_16.wav,jackson,4
164,4_lucas_28.wav,lucas,4
165,7_nicolas_7.wav,nicolas,7
166,5_lucas_41.wav,lucas,5
167,3_jackson_0.wav,jackson,3
168,1_lucas_2.wav,lucas,1
169,0_theo_32.wav,theo,0
170,5_george_36.wav,george,5
171,0_jackson_29.wav,jackson,0
172,3_yweweler_20.wav,yweweler,3
173,1_yweweler_46.wav,yweweler,1
174,3_nicolas_20.wav,nicolas,3
175,6_jackson_12.wav,jackson,6
176,1_george_37.wav,george,1
177,9_theo_7.wav,theo,9
178,2_lucas_43.wav,lucas,2
179,7_lucas_39.wav,lucas,7
180,9_lucas_47.wav,lucas,9
181,3_nicolas_29.wav,nicolas,3
182,8_george_12.wav,george,8
183,2_george_48.wav,george,2
184,0_yweweler_35.wav,yweweler,0
185,8_theo_16.wav,theo,8
186,3_george_17.wav,george,3
187,1_yweweler_35.wav,yweweler,1
188,4_george_22.wav,george,4
189,1_george_10.wav,george,1
190,0_george_37.wav,george,0
191,0_theo_14.wav,theo,0
192,8_theo_43.wav,theo,8
193,2_theo_10.wav,theo,2
194,7_george_21.wav,george,7
195,3_theo_12.wav,theo,3
196,0_nicolas_38.wav,nicolas,0
197,0_jackson_35.wav,jackson,0
198,4_jackson_2.wav,jackson,4
199,3_yweweler_5.wav,yweweler,3
200,8_yweweler_8.wav,yweweler,8
201,1_nicolas_12.wav,nicolas,1
202,2_jackson_25.wav,jackson,2
203,3_george_48.wav,george,3
204,4_jackson_6.wav,jackson,4
205,5_jackson_44.wav,jackson,5
206,6_yweweler_10.wav,yweweler,6
207,3_nicolas_24.wav,nicolas,3
208,4_nicolas_13.wav,nicolas,4
209,0_lucas_46.wav,lucas,0
210,8_nicolas_26.wav,nicolas,8
211,0_yweweler_16.wav,yweweler,0
212,3_yweweler_17.wav,yweweler,3
213,7_george_29.wav,george,7
214,7_jackson_21.wav,jackson,7
215,4_jackson_19.wav,jackson,4
216,0_jackson_40.wav,jackson,0
217,8_jackson_31.wav,jackson,8
218,2_theo_17.wav,theo,2
219,1_lucas_26.wav,lucas,1
220,0_george_15.wav,george,0
221,5_yweweler_1.wav,yweweler,5
222,2_theo_20.wav,theo,2
223,5_george_2.wav,george,5
224,9_theo_22.wav,theo,9
225,1_george_9.wav,george,1
226,4_george_32.wav,george,4
227,6_nicolas_37.wav,nicolas,6
228,7_george_24.wav,george,7
229,2_nicolas_12.wav,nicolas,2
230,3_nicolas_38.wav,nicolas,3
231,6_yweweler_32.wav,yweweler,6
232,1_lucas_7.wav,lucas,1
233,8_theo_38.wav,theo,8
234,7_yweweler_23.wav,yweweler,7
235,5_theo_48.wav,theo,5
236,5_theo_15.wav,theo,5
237,9_yweweler_40.wav,yweweler,9
238,2_george_17.wav,george,2
239,8_nicolas_2.wav,nicolas,8
240,5_jackson_21.wav,jackson,5
241,3_lucas_36.wav,lucas,3
242,9_yweweler_32.wav,yweweler,9
243,3_george_25.wav,george,3
244,3_yweweler_0.wav,yweweler,3
245,1_theo_15.wav,theo,1
246,2_nicolas_9.wav,nicolas,2
247,9_lucas_5.wav,lucas,9
248,5_nicolas_31.wav,nicolas,5
249,7_yweweler_19.wav,yweweler,7
250,6_george_37.wav,george,6
251,6_yweweler_16.wav,yweweler,6
252,5_theo_27.wav,theo,5
253,5_jackson_40.wav,jackson,5
254,0_theo_12.wav,theo,0
255,0_george_42.wav,george,0
256,2_jackson_20.wav,jackson,2
257,4_george_6.wav,george,4
258,8_yweweler_15.wav,yweweler,8
259,0_lucas_17.wav,lucas,0
260,1_yweweler_31.wav,yweweler,1
261,3_george_22.wav,george,3
262,7_yweweler_12.wav,yweweler,7
263,4_george_10.wav,george,4
264,5_lucas_0.wav,lucas,5
265,3_george_26.wav,george,3
266,3_lucas_38.wav,lucas,3
267,5_jackson_24.wav,jackson,5
268,7_yweweler_24.wav,yweweler,7
269,3_nicolas_33.wav,nicolas,3
270,6_yweweler_35.wav,yweweler,6
271,2_lucas_14.wav,lucas,2
272,2_nicolas_41.wav,nicolas,2
273,6_george_11.wav,george,6
274,0_lucas_14.wav,lucas,0
275,2_nicolas_19.wav,nicolas,2
276,7_nicolas_10.wav,nicolas,7
277,5_lucas_23.wav,lucas,5
278,6_nicolas_1.wav,nicolas,6
279,9_theo_0.wav,theo,9
280,4_nicolas_32.wav,nicolas,4
281,1_nicolas_1.wav,nicolas,1
282,1_theo_24.wav,theo,1
283,1_nicolas_34.wav,nicolas,1
284,8_theo_6.wav,theo,8
285,5_george_42.wav,george,5
286,6_theo_32.wav,theo,6
287,2_lucas_17.wav,lucas,2
288,6_nicolas_16.wav,nicolas,6
289,7_lucas_5.wav,lucas,7
290,9_george_42.wav,george,9
291,9_lucas_15.wav,lucas,9
292,1_lucas_45.wav,lucas,1
293,1_yweweler_16.wav,yweweler,1
294,0_nicolas_29.wav,nicolas,0
295,0_theo_19.wav,theo,0
296,9_nicolas_42.wav,nicolas,9
297,3_george_42.wav,george,3
298,0_george_7.wav,george,0
299,5_yweweler_47.wav,yweweler,5
300,8_lucas_0.wav,lucas,8
301,4_yweweler_31.wav,yweweler,4
302,1_lucas_10.wav,lucas,1
303,7_theo_35.wav,theo,7
304,5_theo_26.wav,theo,5
305,5_lucas_10.wav,lucas,5
306,3_george_39.wav,george,3
307,1_lucas_6.wav,lucas,1
308,1_george_45.wav,george,1
309,3_george_8.wav,george,3
310,2_lucas_22.wav,lucas,2
311,4_yweweler_3.wav,yweweler,4
312,1_lucas_19.wav,lucas,1
313,3_theo_49.wav,theo,3
314,5_jackson_42.wav,jackson,5
315,5_jackson_3.wav,jackson,5
316,2_jackson_4.wav,jackson,2
317,0_yweweler_48.wav,yweweler,0
318,6_nicolas_38.wav,nicolas,6
319,6_jackson_14.wav,jackson,6
320,6_theo_44.wav,theo,6
321,6_jackson_15.wav,jackson,6
322,2_lucas_18.wav,lucas,2
323,8_nicolas_38.wav,nicolas,8
324,1_jackson_23.wav,jackson,1
325,1_theo_2.wav,theo,1
326,2_yweweler_20.wav,yweweler,2
327,8_theo_13.wav,theo,8
328,8_yweweler_1.wav,yweweler,8
329,6_theo_46.wav,theo,6
330,7_jackson_0.wav,jackson,7
331,9_lucas_43.wav,lucas,9
332,4_theo_32.wav,theo,4
333,7_george_31.wav,george,7
334,3_jackson_24.wav,jackson,3
335,8_theo_47.wav,theo,8
336,3_george_32.wav,george,3
337,7_theo_11.wav,theo,7
338,3_lucas_27.wav,lucas,3
339,7_jackson_20.wav,jackson,7
340,3_jackson_22.wav,jackson,3
341,2_lucas_15.wav,lucas,2
342,7_jackson_12.wav,jackson,7
343,9_jackson_33.wav,jackson,9
344,2_theo_32.wav,theo,2
345,0_lucas_1.wav,lucas,0
346,3_nicolas_14.wav,nicolas,3
347,7_theo_22.wav,theo,7
348,5_lucas_7.wav,lucas,5
349,0_george_18.wav,george,0
350,0_theo_7.wav,theo,0
351,8_jackson_19.wav,jackson,8
352,6_lucas_20.wav,lucas,6
353,7_jackson_37.wav,jackson,7
354,6_nicolas_27.wav,nicolas,6
355,2_lucas_27.wav,lucas,2
356,5_theo_3.wav,theo,5
357,8_jackson_35.wav,jackson,8
358,5_jackson_12.wav,jackson,5
359,6_jackson_20.wav,jackson,6
360,8_nicolas_22.wav,nicolas,8
361,6_lucas_11.wav,lucas,6
362,0_theo_46.wav,theo,0
363,4_jackson_34.wav,jackson,4
364,4_jackson_43.wav,jackson,4
365,0_theo_47.wav,theo,0
366,9_yweweler_23.wav,yweweler,9
367,3_nicolas_22.wav,nicolas,3
368,2_theo_4.wav,theo,2
369,9_theo_11.wav,theo,9
370,3_george_30.wav,george,3
371,7_nicolas_8.wav,nicolas,7
372,6_nicolas_33.wav,nicolas,6
373,8_jackson_36.wav,jackson,8
374,0_george_4.wav,george,0
375,4_jackson_9.wav,jackson,4
376,0_theo_6.wav,theo,0
377,8_nicolas_0.wav,nicolas,8
378,9_yweweler_28.wav,yweweler,9
379,7_lucas_31.wav,lucas,7
380,0_jackson_27.wav,jackson,0
381,2_lucas_9.wav,lucas,2
382,0_nicolas_35.wav,nicolas,0
383,8_yweweler_16.wav,yweweler,8
384,7_nicolas_6.wav,nicolas,7
385,3_george_1.wav,george,3
386,6_jackson_33.wav,jackson,6
387,8_yweweler_49.wav,yweweler,8
388,5_george_28.wav,george,5
389,3_theo_47.wav,theo,3
390,2_nicolas_27.wav,nicolas,2
391,2_nicolas_47.wav,nicolas,2
392,3_lucas_8.wav,lucas,3
393,6_yweweler_38.wav,yweweler,6
394,5_theo_31.wav,theo,5
395,6_jackson_31.wav,jackson,6
396,6_lucas_9.wav,lucas,6
397,9_jackson_3.wav,jackson,9
398,2_theo_12.wav,theo,2
399,0_lucas_48.wav,lucas,0
400,0_theo_29.wav,theo,0
401,3_theo_38.wav,theo,3
402,5_jackson_28.wav,jackson,5
403,4_jackson_35.wav,jackson,4
404,5_lucas_29.wav,lucas,5
405,0_george_28.wav,george,0
406,4_yweweler_37.wav,yweweler,4
407,6_lucas_24.wav,lucas,6
408,3_lucas_21.wav,lucas,3
409,5_jackson_22.wav,jackson,5
410,8_theo_49.wav,theo,8
411,5_nicolas_41.wav,nicolas,5
412,4_nicolas_35.wav,nicolas,4
413,1_lucas_13.wav,lucas,1
414,2_nicolas_2.wav,nicolas,2
415,4_yweweler_20.wav,yweweler,4
416,0_jackson_4.wav,jackson,0
417,2_jackson_22.wav,jackson,2
418,7_jackson_33.wav,jackson,7
419,9_yweweler_15.wav,yweweler,9
420,7_yweweler_49.wav,yweweler,7
421,7_lucas_19.wav,lucas,7
422,2_nicolas_17.wav,nicolas,2
423,3_nicolas_44.wav,nicolas,3
424,6_nicolas_32.wav,nicolas,6
425,6_jackson_25.wav,jackson,6
426,0_nicolas_12.wav,nicolas,0
427,8_theo_44.wav,theo,8
428,9_theo_41.wav,theo,9
429,1_lucas_16.wav,lucas,1
430,6_lucas_18.wav,lucas,6
431,1_lucas_14.wav,lucas,1
432,4_yweweler_36.wav,yweweler,4
433,4_nicolas_19.wav,nicolas,4
434,9_theo_3.wav,theo,9
435,7_jackson_34.wav,jackson,7
436,0_george_44.wav,george,0
437,0_nicolas_1.wav,nicolas,0
438,7_lucas_12.wav,lucas,7
439,2_yweweler_5.wav,yweweler,2
440,7_theo_41.wav,theo,7
441,0_theo_27.wav,theo,0
442,9_nicolas_46.wav,nicolas,9
443,8_yweweler_44.wav,yweweler,8
444,8_lucas_18.wav,lucas,8
445,5_yweweler_46.wav,yweweler,5
446,9_nicolas_3.wav,nicolas,9
447,1_yweweler_47.wav,yweweler,1
448,2_lucas_3.wav,lucas,2
449,7_george_19.wav,george,7
450,2_jackson_40.wav,jackson,2
451,7_nicolas_40.wav,nicolas,7
452,5_jackson_32.wav,jackson,5
453,9_lucas_3.wav,lucas,9
454,8_theo_25.wav,theo,8
455,7_nicolas_16.wav,nicolas,7
456,6_nicolas_49.wav,nicolas,6
457,5_yweweler_2.wav,yweweler,5
458,9_nicolas_23.wav,nicolas,9
459,8_yweweler_17.wav,yweweler,8
460,6_nicolas_35.wav,nicolas,6
461,9_jackson_1.wav,jackson,9
462,8_george_15.wav,george,8
463,2_theo_39.wav,theo,2
464,0_theo_11.wav,theo,0
465,5_theo_23.wav,theo,5
466,1_nicolas_10.wav,nicolas,1
467,2_nicolas_11.wav,nicolas,2
468,3_lucas_3.wav,lucas,3
469,3_george_7.wav,george,3
470,0_lucas_20.wav,lucas,0
471,2_george_41.wav,george,2
472,6_nicolas_41.wav,nicolas,6
473,5_yweweler_21.wav,yweweler,5
474,5_jackson_33.wav,jackson,5
475,7_george_27.wav,george,7
476,6_theo_40.wav,theo,6
477,8_lucas_24.wav,lucas,8
478,1_yweweler_1.wav,yweweler,1
479,1_lucas_46.wav,lucas,1
480,8_yweweler_34.wav,yweweler,8
481,8_theo_8.wav,theo,8
482,7_george_7.wav,george,7
483,9_lucas_10.wav,lucas,9
484,5_george_1.wav,george,5
485,4_nicolas_22.wav,nicolas,4
486,9_george_9.wav,george,9
487,8_lucas_33.wav,lucas,8
488,4_george_24.wav,george,4
489,6_nicolas_44.wav,nicolas,6
490,4_lucas_41.wav,lucas,4
491,5_yweweler_10.wav,yweweler,5
492,8_nicolas_5.wav,nicolas,8
493,2_theo_35.wav,theo,2
494,7_george_30.wav,george,7
495,9_yweweler_49.wav,yweweler,9
496,4_theo_4.wav,theo,4
497,4_lucas_19.wav,lucas,4
498,7_jackson_31.wav,jackson,7
499,5_george_46.wav,george,5
500,9_yweweler_41.wav,yweweler,9
501,6_yweweler_45.wav,yweweler,6
502,9_nicolas_16.wav,nicolas,9
503,9_george_28.wav,george,9
504,7_nicolas_2.wav,nicolas,7
505,7_lucas_22.wav,lucas,7
506,8_nicolas_9.wav,nicolas,8
507,8_jackson_18.wav,jackson,8
508,5_lucas_12.wav,lucas,5
509,6_lucas_46.wav,lucas,6
510,0_nicolas_17.wav,nicolas,0
511,4_nicolas_30.wav,nicolas,4
512,7_yweweler_9.wav,yweweler,7
513,1_nicolas_21.wav,nicolas,1
514,5_jackson_35.wav,jackson,5
515,3_nicolas_13.wav,nicolas,3
516,2_nicolas_46.wav,nicolas,2
517,1_george_41.wav,george,1
518,5_lucas_21.wav,lucas,5
519,5_theo_2.wav,theo,5
520,1_yweweler_21.wav,yweweler,1
521,9_yweweler_45.wav,yweweler,9
522,7_lucas_1.wav,lucas,7
523,4_jackson_1.wav,jackson,4
524,3_george_35.wav,george,3
525,6_lucas_13.wav,lucas,6
526,4_lucas_33.wav,lucas,4
527,7_yweweler_41.wav,yweweler,7
528,1_yweweler_6.wav,yweweler,1
529,1_nicolas_46.wav,nicolas,1
530,9_nicolas_7.wav,nicolas,9
531,7_george_0.wav,george,7
532,7_george_8.wav,george,7
533,6_yweweler_29.wav,yweweler,6
534,4_lucas_45.wav,lucas,4
535,1_lucas_18.wav,lucas,1
536,2_yweweler_6.wav,yweweler,2
537,5_lucas_32.wav,lucas,5
538,3_yweweler_40.wav,yweweler,3
539,1_yweweler_32.wav,yweweler,1
540,6_theo_3.wav,theo,6
541,6_yweweler_28.wav,yweweler,6
542,3_yweweler_42.wav,yweweler,3
543,3_george_41.wav,george,3
544,6_george_22.wav,george,6
545,8_theo_29.wav,theo,8
546,8_nicolas_15.wav,nicolas,8
547,7_george_6.wav,george,7
548,2_lucas_20.wav,lucas,2
549,9_yweweler_35.wav,yweweler,9
550,3_yweweler_29.wav,yweweler,3
551,4_nicolas_36.wav,nicolas,4
552,4_yweweler_14.wav,yweweler,4
553,8_nicolas_42.wav,nicolas,8
554,0_nicolas_26.wav,nicolas,0
555,5_lucas_30.wav,lucas,5
556,5_jackson_48.wav,jackson,5
557,3_lucas_17.wav,lucas,3
558,9_lucas_31.wav,lucas,9
559,3_yweweler_18.wav,yweweler,3
560,2_lucas_0.wav,lucas,2
561,2_jackson_3.wav,jackson,2
562,5_george_35.wav,george,5
563,1_george_18.wav,george,1
564,3_george_45.wav,george,3
565,7_nicolas_1.wav,nicolas,7
566,4_jackson_18.wav,jackson,4
567,3_jackson_7.wav,jackson,3
568,9_jackson_43.wav,jackson,9
569,8_jackson_34.wav,jackson,8
570,3_lucas_46.wav,lucas,3
571,6_george_19.wav,george,6
572,1_jackson_7.wav,jackson,1
573,3_jackson_16.wav,jackson,3
574,4_theo_46.wav,theo,4
575,9_nicolas_44.wav,nicolas,9
576,7_george_11.wav,george,7
577,8_jackson_21.wav,jackson,8
578,9_theo_12.wav,theo,9
579,8_theo_45.wav,theo,8
580,6_george_40.wav,george,6
581,9_jackson_0.wav,jackson,9
582,4_nicolas_1.wav,nicolas,4
583,0_jackson_6.wav,jackson,0
584,6_jackson_48.wav,jackson,6
585,0_jackson_36.wav,jackson,0
586,9_theo_45.wav,theo,9
587,4_yweweler_23.wav,yweweler,4
588,4_nicolas_2.wav,nicolas,4
589,0_yweweler_18.wav,yweweler,0
590,4_nicolas_18.wav,nicolas,4
591,9_jackson_31.wav,jackson,9
592,5_george_34.wav,george,5
593,7_yweweler_7.wav,yweweler,7
594,0_theo_25.wav,theo,0
595,3_george_0.wav,george,3
596,0_jackson_48.wav,jackson,0
597,2_nicolas_39.wav,nicolas,2
598,4_george_12.wav,george,4
599,4_jackson_45.wav,jackson,4
600,7_lucas_25.wav,lucas,7
601,1_yweweler_3.wav,yweweler,1
602,4_theo_21.wav,theo,4
603,0_george_14.wav,george,0
604,4_yweweler_49.wav,yweweler,4
605,4_lucas_10.wav,lucas,4
606,0_george_2.wav,george,0
607,4_nicolas_45.wav,nicolas,4
608,3_lucas_39.wav,lucas,3
609,0_jackson_12.wav,jackson,0
610,8_jackson_47.wav,jackson,8
611,4_yweweler_42.wav,yweweler,4
612,2_yweweler_26.wav,yweweler,2
613,6_lucas_39.wav,lucas,6
614,7_jackson_14.wav,jackson,7
615,4_jackson_41.wav,jackson,4
616,6_yweweler_41.wav,yweweler,6
617,1_yweweler_41.wav,yweweler,1
618,8_lucas_11.wav,lucas,8
619,0_lucas_5.wav,lucas,0
620,9_theo_16.wav,theo,9
621,0_yweweler_28.wav,yweweler,0
622,8_nicolas_41.wav,nicolas,8
623,2_theo_29.wav,theo,2
624,0_jackson_41.wav,jackson,0
625,1_lucas_8.wav,lucas,1
626,1_lucas_32.wav,lucas,1
627,8_theo_2.wav,theo,8
628,6_nicolas_15.wav,nicolas,6
629,8_jackson_5.wav,jackson,8
630,5_yweweler_26.wav,yweweler,5
631,8_jackson_6.wav,jackson,8
632,8_theo_36.wav,theo,8
633,2_nicolas_21.wav,nicolas,2
634,4_theo_19.wav,theo,4
635,4_george_13.wav,george,4
636,4_yweweler_13.wav,yweweler,4
637,6_george_29.wav,george,6
638,9_nicolas_10.wav,nicolas,9
639,0_lucas_45.wav,lucas,0
640,8_yweweler_47.wav,yweweler,8
641,8_nicolas_37.wav,nicolas,8
642,6_george_26.wav,george,6
643,9_nicolas_27.wav,nicolas,9
644,6_nicolas_20.wav,nicolas,6
645,2_lucas_31.wav,lucas,2
646,3_yweweler_8.wav,yweweler,3
647,4_theo_29.wav,theo,4
648,0_theo_16.wav,theo,0
649,2_jackson_48.wav,jackson,2
650,5_yweweler_30.wav,yweweler,5
651,9_theo_37.wav,theo,9
652,0_lucas_8.wav,lucas,0
653,2_george_31.wav,george,2
654,7_yweweler_43.wav,yweweler,7
655,5_jackson_37.wav,jackson,5
656,8_nicolas_46.wav,nicolas,8
657,9_theo_24.wav,theo,9
658,2_nicolas_26.wav,nicolas,2
659,4_jackson_28.wav,jackson,4
660,2_jackson_26.wav,jackson,2
661,2_theo_37.wav,theo,2
662,0_yweweler_44.wav,yweweler,0
663,8_george_1.wav,george,8
664,5_jackson_6.wav,jackson,5
665,1_nicolas_4.wav,nicolas,1
666,4_lucas_26.wav,lucas,4
667,8_theo_21.wav,theo,8
668,1_nicolas_36.wav,nicolas,1
669,6_lucas_30.wav,lucas,6
670,5_nicolas_29.wav,nicolas,5
671,4_yweweler_22.wav,yweweler,4
672,8_george_30.wav,george,8
673,2_george_45.wav,george,2
674,7_theo_47.wav,theo,7
675,5_jackson_17.wav,jackson,5
676,1_jackson_24.wav,jackson,1
677,3_george_3.wav,george,3
678,9_lucas_9.wav,lucas,9
679,7_jackson_48.wav,jackson,7
680,1_yweweler_38.wav,yweweler,1
681,9_nicolas_19.wav,nicolas,9
682,1_yweweler_24.wav,yweweler,1
683,6_jackson_44.wav,jackson,6
684,7_jackson_26.wav,jackson,7
685,2_nicolas_31.wav,nicolas,2
686,1_jackson_12.wav,jackson,1
687,9_lucas_11.wav,lucas,9
688,3_george_33.wav,george,3
689,1_george_34.wav,george,1
690,1_nicolas_32.wav,nicolas,1
691,5_lucas_39.wav,lucas,5
692,6_nicolas_21.wav,nicolas,6
693,9_yweweler_31.wav,yweweler,9
694,1_theo_34.wav,theo,1
695,1_nicolas_45.wav,nicolas,1
696,0_yweweler_21.wav,yweweler,0
697,1_theo_21.wav,theo,1
698,1_jackson_37.wav,jackson,1
699,7_nicolas_32.wav,nicolas,7
700,1_jackson_48.wav,jackson,1
701,4_george_43.wav,george,4
702,7_jackson_35.wav,jackson,7
703,0_jackson_11.wav,jackson,0
704,8_nicolas_8.wav,nicolas,8
705,2_yweweler_21.wav,yweweler,2
706,7_theo_34.wav,theo,7
707,9_lucas_26.wav,lucas,9
708,4_lucas_36.wav,lucas,4
709,4_jackson_32.wav,jackson,4
710,7_theo_46.wav,theo,7
711,1_jackson_18.wav,jackson,1
712,4_jackson_33.wav,jackson,4
713,5_jackson_1.wav,jackson,5
714,9_nicolas_12.wav,nicolas,9
715,9_theo_49.wav,theo,9
716,2_nicolas_24.wav,nicolas,2
717,7_yweweler_29.wav,yweweler,7
718,2_lucas_29.wav,lucas,2
719,9_theo_17.wav,theo,9
720,7_lucas_8.wav,lucas,7
721,7_jackson_46.wav,jackson,7
722,4_jackson_37.wav,jackson,4
723,1_yweweler_22.wav,yweweler,1
724,5_george_17.wav,george,5
725,6_theo_25.wav,theo,6
726,4_yweweler_29.wav,yweweler,4
727,4_theo_39.wav,theo,4
728,8_lucas_34.wav,lucas,8
729,2_lucas_42.wav,lucas,2
730,0_lucas_42.wav,lucas,0
731,8_george_5.wav,george,8
732,8_george_7.wav,george,8
733,9_jackson_21.wav,jackson,9
734,0_george_1.wav,george,0
735,2_yweweler_23.wav,yweweler,2
736,2_george_29.wav,george,2
737,3_jackson_43.wav,jackson,3
738,1_yweweler_8.wav,yweweler,1
739,2_jackson_10.wav,jackson,2
740,3_george_19.wav,george,3
741,8_george_44.wav,george,8
742,1_nicolas_43.wav,nicolas,1
743,9_lucas_39.wav,lucas,9
744,7_lucas_2.wav,lucas,7
745,6_yweweler_9.wav,yweweler,6
746,9_jackson_19.wav,jackson,9
747,8_theo_4.wav,theo,8
748,0_theo_26.wav,theo,0
749,6_jackson_0.wav,jackson,6
750,9_lucas_45.wav,lucas,9
751,5_george_21.wav,george,5
752,2_theo_21.wav,theo,2
753,0_lucas_18.wav,lucas,0
754,4_yweweler_27.wav,yweweler,4
755,1_yweweler_4.wav,yweweler,1
756,5_nicolas_40.wav,nicolas,5
757,4_george_44.wav,george,4
758,3_jackson_36.wav,jackson,3
759,6_jackson_34.wav,jackson,6
760,7_jackson_8.wav,jackson,7
761,8_theo_23.wav,theo,8
762,9_jackson_4.wav,jackson,9
763,2_jackson_35.wav,jackson,2
764,1_george_7.wav,george,1
765,1_nicolas_14.wav,nicolas,1
766,3_yweweler_2.wav,yweweler,3
767,9_jackson_41.wav,jackson,9
768,3_lucas_34.wav,lucas,3
769,2_theo_49.wav,theo,2
770,1_george_22.wav,george,1
771,0_lucas_33.wav,lucas,0
772,5_yweweler_13.wav,yweweler,5
773,0_george_25.wav,george,0
774,7_yweweler_8.wav,yweweler,7
775,4_nicolas_15.wav,nicolas,4
776,0_george_22.wav,george,0
777,3_jackson_17.wav,jackson,3
778,6_george_28.wav,george,6
779,6_theo_13.wav,theo,6
780,3_yweweler_41.wav,yweweler,3
781,4_lucas_22.wav,lucas,4
782,0_yweweler_7.wav,yweweler,0
783,9_george_41.wav,george,9
784,7_lucas_16.wav,lucas,7
785,4_jackson_13.wav,jackson,4
786,0_lucas_24.wav,lucas,0
787,1_nicolas_39.wav,nicolas,1
788,4_nicolas_25.wav,nicolas,4
789,6_yweweler_48.wav,yweweler,6
790,9_lucas_12.wav,lucas,9
791,2_theo_48.wav,theo,2
792,3_theo_17.wav,theo,3
793,2_jackson_49.wav,jackson,2
794,7_theo_24.wav,theo,7
795,4_george_40.wav,george,4
796,2_george_4.wav,george,2
797,0_nicolas_36.wav,nicolas,0
798,5_yweweler_7.wav,yweweler,5
799,1_lucas_42.wav,lucas,1
800,0_theo_35.wav,theo,0
801,4_nicolas_33.wav,nicolas,4
802,3_jackson_28.wav,jackson,3
803,7_theo_6.wav,theo,7
804,5_george_18.wav,george,5
805,8_lucas_19.wav,lucas,8
806,3_yweweler_35.wav,yweweler,3
807,7_nicolas_48.wav,nicolas,7
808,8_yweweler_27.wav,yweweler,8
809,8_lucas_44.wav,lucas,8
810,8_nicolas_18.wav,nicolas,8
811,3_nicolas_16.wav,nicolas,3
812,9_jackson_6.wav,jackson,9
813,7_george_13.wav,george,7
814,5_yweweler_42.wav,yweweler,5
815,0_jackson_22.wav,jackson,0
816,6_yweweler_0.wav,yweweler,6
817,1_nicolas_0.wav,nicolas,1
818,5_nicolas_19.wav,nicolas,5
819,9_jackson_11.wav,jackson,9
820,2_jackson_31.wav,jackson,2
821,1_lucas_30.wav,lucas,1
822,7_nicolas_38.wav,nicolas,7
823,3_jackson_4.wav,jackson,3
824,8_george_21.wav,george,8
825,2_yweweler_7.wav,yweweler,2
826,8_lucas_38.wav,lucas,8
827,9_yweweler_36.wav,yweweler,9
828,0_jackson_18.wav,jackson,0
829,0_yweweler_24.wav,yweweler,0
830,4_jackson_38.wav,jackson,4
831,4_nicolas_26.wav,nicolas,4
832,1_yweweler_29.wav,yweweler,1
833,8_theo_35.wav,theo,8
834,3_lucas_31.wav,lucas,3
835,5_nicolas_43.wav,nicolas,5
836,7_theo_26.wav,theo,7
837,9_nicolas_15.wav,nicolas,9
838,5_nicolas_37.wav,nicolas,5
839,5_theo_11.wav,theo,5
840,1_nicolas_28.wav,nicolas,1
841,3_yweweler_19.wav,yweweler,3
842,4_yweweler_7.wav,yweweler,4
843,9_george_47.wav,george,9
844,0_lucas_7.wav,lucas,0
845,9_yweweler_42.wav,yweweler,9
846,3_yweweler_3.wav,yweweler,3
847,5_lucas_13.wav,lucas,5
848,6_jackson_6.wav,jackson,6
849,8_jackson_2.wav,jackson,8
850,4_lucas_43.wav,lucas,4
851,4_jackson_25.wav,jackson,4
852,0_theo_21.wav,theo,0
853,9_theo_42.wav,theo,9
854,1_jackson_27.wav,jackson,1
855,0_theo_45.wav,theo,0
856,5_yweweler_25.wav,yweweler,5
857,0_jackson_25.wav,jackson,0
858,0_lucas_40.wav,lucas,0
859,3_yweweler_47.wav,yweweler,3
860,7_theo_5.wav,theo,7
861,9_theo_48.wav,theo,9
862,3_jackson_14.wav,jackson,3
863,9_george_1.wav,george,9
864,3_nicolas_1.wav,nicolas,3
865,4_lucas_9.wav,lucas,4
866,2_theo_8.wav,theo,2
867,8_nicolas_28.wav,nicolas,8
868,6_yweweler_26.wav,yweweler,6
869,2_theo_30.wav,theo,2
870,1_george_36.wav,george,1
871,3_lucas_14.wav,lucas,3
872,7_lucas_10.wav,lucas,7
873,7_theo_15.wav,theo,7
874,0_theo_33.wav,theo,0
875,5_theo_35.wav,theo,5
876,8_theo_26.wav,theo,8
877,7_george_26.wav,george,7
878,5_yweweler_29.wav,yweweler,5
879,7_george_33.wav,george,7
880,3_yweweler_34.wav,yweweler,3
881,5_jackson_43.wav,jackson,5
882,6_yweweler_3.wav,yweweler,6
883,8_yweweler_19.wav,yweweler,8
884,5_yweweler_35.wav,yweweler,5
885,8_yweweler_12.wav,yweweler,8
886,8_lucas_43.wav,lucas,8
887,1_jackson_9.wav,jackson,1
888,7_theo_31.wav,theo,7
889,2_yweweler_36.wav,yweweler,2
890,9_yweweler_33.wav,yweweler,9
891,2_jackson_27.wav,jackson,2
892,4_jackson_21.wav,jackson,4
893,5_yweweler_45.wav,yweweler,5
894,4_nicolas_39.wav,nicolas,4
895,7_theo_43.wav,theo,7
896,2_yweweler_24.wav,yweweler,2
897,7_george_49.wav,george,7
898,0_theo_37.wav,theo,0
899,8_yweweler_28.wav,yweweler,8
900,7_nicolas_17.wav,nicolas,7
901,6_george_15.wav,george,6
902,2_theo_13.wav,theo,2
903,6_yweweler_17.wav,yweweler,6
904,6_lucas_27.wav,lucas,6
905,9_yweweler_46.wav,yweweler,9
906,2_george_13.wav,george,2
907,5_yweweler_24.wav,yweweler,5
908,5_theo_22.wav,theo,5
909,9_jackson_8.wav,jackson,9
910,2_george_9.wav,george,2
911,6_lucas_47.wav,lucas,6
912,7_george_1.wav,george,7
913,5_yweweler_32.wav,yweweler,5
914,1_theo_37.wav,theo,1
915,1_yweweler_48.wav,yweweler,1
916,7_jackson_39.wav,jackson,7
917,3_yweweler_10.wav,yweweler,3
918,1_yweweler_33.wav,yweweler,1
919,9_lucas_25.wav,lucas,9
920,8_nicolas_1.wav,nicolas,8
921,8_george_4.wav,george,8
922,1_nicolas_29.wav,nicolas,1
923,5_george_31.wav,george,5
924,2_lucas_2.wav,lucas,2
925,6_jackson_39.wav,jackson,6
926,3_jackson_29.wav,jackson,3
927,1_yweweler_15.wav,yweweler,1
928,9_jackson_39.wav,jackson,9
929,0_yweweler_22.wav,yweweler,0
930,2_theo_9.wav,theo,2
931,7_george_12.wav,george,7
932,2_nicolas_10.wav,nicolas,2
933,0_nicolas_34.wav,nicolas,0
934,8_jackson_44.wav,jackson,8
935,5_lucas_45.wav,lucas,5
936,9_nicolas_29.wav,nicolas,9
937,7_nicolas_22.wav,nicolas,7
938,7_yweweler_25.wav,yweweler,7
939,6_nicolas_19.wav,nicolas,6
940,7_theo_25.wav,theo,7
941,0_yweweler_34.wav,yweweler,0
942,8_lucas_3.wav,lucas,8
943,4_nicolas_24.wav,nicolas,4
944,3_theo_29.wav,theo,3
945,6_theo_12.wav,theo,6
946,7_lucas_6.wav,lucas,7
947,4_george_45.wav,george,4
948,3_theo_1.wav,theo,3
949,6_theo_16.wav,theo,6
950,9_nicolas_40.wav,nicolas,9
951,2_george_6.wav,george,2
952,3_lucas_12.wav,lucas,3
953,0_yweweler_41.wav,yweweler,0
954,7_nicolas_44.wav,nicolas,7
955,9_george_45.wav,george,9
956,1_jackson_40.wav,jackson,1
957,9_lucas_41.wav,lucas,9
958,1_theo_0.wav,theo,1
959,1_george_43.wav,george,1
960,3_lucas_44.wav,lucas,3
961,0_george_9.wav,george,0
962,2_george_2.wav,george,2
963,0_yweweler_36.wav,yweweler,0
964,3_yweweler_23.wav,yweweler,3
965,6_nicolas_11.wav,nicolas,6
966,6_theo_23.wav,theo,6
967,2_lucas_35.wav,lucas,2
968,9_lucas_27.wav,lucas,9
969,5_yweweler_28.wav,yweweler,5
970,3_nicolas_43.wav,nicolas,3
971,6_jackson_1.wav,jackson,6
972,1_jackson_14.wav,jackson,1
973,4_george_34.wav,george,4
974,8_jackson_0.wav,jackson,8
975,4_theo_45.wav,theo,4
976,2_jackson_28.wav,jackson,2
977,4_lucas_29.wav,lucas,4
978,6_jackson_23.wav,jackson,6
979,3_jackson_40.wav,jackson,3
980,5_jackson_2.wav,jackson,5
981,7_nicolas_13.wav,nicolas,7
982,0_yweweler_5.wav,yweweler,0
983,2_nicolas_7.wav,nicolas,2
984,2_lucas_12.wav,lucas,2
985,0_jackson_42.wav,jackson,0
986,5_nicolas_47.wav,nicolas,5
987,3_yweweler_6.wav,yweweler,3
988,1_yweweler_36.wav,yweweler,1
989,3_george_29.wav,george,3
990,3_george_12.wav,george,3
991,6_jackson_7.wav,jackson,6
992,9_yweweler_3.wav,yweweler,9
993,8_nicolas_49.wav,nicolas,8
994,5_jackson_8.wav,jackson,5
995,1_theo_35.wav,theo,1
996,3_theo_41.wav,theo,3
997,1_theo_27.wav,theo,1
998,3_jackson_35.wav,jackson,3
999,9_george_6.wav,george,9
1000,3_george_27.wav,george,3
1001,6_jackson_46.wav,jackson,6
1002,9_yweweler_16.wav,yweweler,9
1003,7_lucas_14.wav,lucas,7
1004,8_george_40.wav,george,8
1005,4_jackson_49.wav,jackson,4
1006,0_yweweler_27.wav,yweweler,0
1007,5_jackson_19.wav,jackson,5
1008,8_lucas_5.wav,lucas,8
1009,5_nicolas_33.wav,nicolas,5
1010,3_jackson_48.wav,jackson,3
1011,5_george_29.wav,george,5
1012,1_theo_41.wav,theo,1
1013,0_yweweler_45.wav,yweweler,0
1014,2_theo_1.wav,theo,2
1015,1_nicolas_16.wav,nicolas,1
1016,2_theo_45.wav,theo,2
1017,8_jackson_12.wav,jackson,8
1018,8_yweweler_26.wav,yweweler,8
1019,3_lucas_24.wav,lucas,3
1020,6_nicolas_46.wav,nicolas,6
1021,4_yweweler_34.wav,yweweler,4
1022,0_nicolas_8.wav,nicolas,0
1023,6_nicolas_3.wav,nicolas,6
1024,8_jackson_14.wav,jackson,8
1025,9_yweweler_9.wav,yweweler,9
1026,8_jackson_45.wav,jackson,8
1027,7_yweweler_38.wav,yweweler,7
1028,1_theo_11.wav,theo,1
1029,7_nicolas_26.wav,nicolas,7
1030,0_jackson_39.wav,jackson,0
1031,5_george_8.wav,george,5
1032,7_nicolas_28.wav,nicolas,7
1033,9_theo_15.wav,theo,9
1034,5_george_4.wav,george,5
1035,4_nicolas_34.wav,nicolas,4
1036,4_george_25.wav,george,4
1037,6_nicolas_43.wav,nicolas,6
1038,9_nicolas_26.wav,nicolas,9
1039,1_nicolas_7.wav,nicolas,1
1040,4_nicolas_7.wav,nicolas,4
1041,4_theo_42.wav,theo,4
1042,4_yweweler_38.wav,yweweler,4
1043,0_george_33.wav,george,0
1044,4_yweweler_16.wav,yweweler,4
1045,5_yweweler_12.wav,yweweler,5
1046,5_nicolas_8.wav,nicolas,5
1047,6_yweweler_15.wav,yweweler,6
1048,6_lucas_26.wav,lucas,6
1049,7_george_9.wav,george,7
1050,4_nicolas_17.wav,nicolas,4
1051,8_theo_40.wav,theo,8
1052,4_george_30.wav,george,4
1053,4_nicolas_37.wav,nicolas,4
1054,9_yweweler_19.wav,yweweler,9
1055,2_nicolas_42.wav,nicolas,2
1056,5_yweweler_38.wav,yweweler,5
1057,7_lucas_26.wav,lucas,7
1058,9_george_34.wav,george,9
1059,7_nicolas_3.wav,nicolas,7
1060,0_nicolas_2.wav,nicolas,0
1061,2_jackson_46.wav,jackson,2
1062,2_nicolas_18.wav,nicolas,2
1063,2_george_35.wav,george,2
1064,7_lucas_32.wav,lucas,7
1065,4_nicolas_42.wav,nicolas,4
1066,4_lucas_32.wav,lucas,4
1067,3_jackson_37.wav,jackson,3
1068,3_jackson_45.wav,jackson,3
1069,8_george_28.wav,george,8
1070,4_george_27.wav,george,4
1071,3_yweweler_36.wav,yweweler,3
1072,4_theo_12.wav,theo,4
1073,8_george_19.wav,george,8
1074,4_george_23.wav,george,4
1075,0_jackson_1.wav,jackson,0
1076,8_jackson_46.wav,jackson,8
1077,9_george_39.wav,george,9
1078,5_lucas_48.wav,lucas,5
1079,4_lucas_31.wav,lucas,4
1080,5_george_5.wav,george,5
1081,9_george_20.wav,george,9
1082,7_jackson_5.wav,jackson,7
1083,8_jackson_43.wav,jackson,8
1084,0_george_34.wav,george,0
1085,4_yweweler_17.wav,yweweler,4
1086,6_lucas_14.wav,lucas,6
1087,2_yweweler_31.wav,yweweler,2
1088,3_theo_11.wav,theo,3
1089,1_yweweler_40.wav,yweweler,1
1090,0_theo_3.wav,theo,0
1091,4_theo_34.wav,theo,4
1092,0_yweweler_13.wav,yweweler,0
1093,0_lucas_9.wav,lucas,0
1094,0_lucas_41.wav,lucas,0
1095,5_lucas_35.wav,lucas,5
1096,0_theo_15.wav,theo,0
1097,1_lucas_43.wav,lucas,1
1098,0_theo_31.wav,theo,0
1099,9_jackson_18.wav,jackson,9
1100,1_theo_19.wav,theo,1
1101,1_jackson_8.wav,jackson,1
1102,3_george_24.wav,george,3
1103,5_jackson_9.wav,jackson,5
1104,0_nicolas_10.wav,nicolas,0
1105,6_george_7.wav,george,6
1106,9_george_3.wav,george,9
1107,3_nicolas_40.wav,nicolas,3
1108,9_jackson_34.wav,jackson,9
1109,0_lucas_34.wav,lucas,0
1110,0_nicolas_23.wav,nicolas,0
1111,9_jackson_38.wav,jackson,9
1112,2_nicolas_49.wav,nicolas,2
1113,1_george_44.wav,george,1
1114,0_jackson_47.wav,jackson,0
1115,8_yweweler_45.wav,yweweler,8
1116,6_theo_47.wav,theo,6
1117,6_yweweler_7.wav,yweweler,6
1118,4_nicolas_46.wav,nicolas,4
1119,6_nicolas_42.wav,nicolas,6
1120,5_nicolas_16.wav,nicolas,5
1121,0_jackson_5.wav,jackson,0
1122,4_theo_26.wav,theo,4
1123,1_theo_26.wav,theo,1
1124,9_yweweler_26.wav,yweweler,9
1125,2_george_38.wav,george,2
1126,5_theo_10.wav,theo,5
1127,1_theo_17.wav,theo,1
1128,0_jackson_3.wav,jackson,0
1129,3_george_4.wav,george,3
1130,0_nicolas_43.wav,nicolas,0
1131,1_lucas_9.wav,lucas,1
1132,2_jackson_9.wav,jackson,2
1133,1_george_6.wav,george,1
1134,0_lucas_15.wav,lucas,0
1135,9_theo_10.wav,theo,9
1136,5_nicolas_15.wav,nicolas,5
1137,3_yweweler_48.wav,yweweler,3
1138,5_nicolas_36.wav,nicolas,5
1139,8_yweweler_39.wav,yweweler,8
1140,8_nicolas_17.wav,nicolas,8
1141,0_george_8.wav,george,0
1142,7_yweweler_36.wav,yweweler,7
1143,1_george_31.wav,george,1
1144,1_nicolas_5.wav,nicolas,1
1145,3_jackson_21.wav,jackson,3
1146,3_lucas_40.wav,lucas,3
1147,2_jackson_36.wav,jackson,2
1148,2_yweweler_0.wav,yweweler,2
1149,8_george_27.wav,george,8
1150,9_george_5.wav,george,9
1151,5_jackson_4.wav,jackson,5
1152,8_yweweler_25.wav,yweweler,8
1153,5_lucas_44.wav,lucas,5
1154,3_jackson_6.wav,jackson,3
1155,4_nicolas_43.wav,nicolas,4
1156,4_yweweler_1.wav,yweweler,4
1157,5_lucas_19.wav,lucas,5
1158,7_jackson_2.wav,jackson,7
1159,6_theo_22.wav,theo,6
1160,0_george_32.wav,george,0
1161,9_jackson_13.wav,jackson,9
1162,2_yweweler_34.wav,yweweler,2
1163,9_nicolas_43.wav,nicolas,9
1164,6_lucas_38.wav,lucas,6
1165,3_lucas_25.wav,lucas,3
1166,2_theo_44.wav,theo,2
1167,4_george_48.wav,george,4
1168,3_george_13.wav,george,3
1169,3_nicolas_9.wav,nicolas,3
1170,9_nicolas_13.wav,nicolas,9
1171,7_yweweler_5.wav,yweweler,7
1172,1_lucas_38.wav,lucas,1
1173,8_lucas_48.wav,lucas,8
1174,2_yweweler_25.wav,yweweler,2
1175,5_nicolas_35.wav,nicolas,5
1176,0_theo_18.wav,theo,0
1177,0_yweweler_33.wav,yweweler,0
1178,3_nicolas_25.wav,nicolas,3
1179,3_theo_44.wav,theo,3
1180,2_theo_11.wav,theo,2
1181,7_theo_16.wav,theo,7
1182,3_yweweler_21.wav,yweweler,3
1183,5_theo_40.wav,theo,5
1184,7_george_39.wav,george,7
1185,7_lucas_29.wav,lucas,7
1186,5_nicolas_42.wav,nicolas,5
1187,1_george_42.wav,george,1
1188,5_yweweler_27.wav,yweweler,5
1189,6_jackson_49.wav,jackson,6
1190,3_yweweler_45.wav,yweweler,3
1191,5_george_13.wav,george,5
1192,5_lucas_33.wav,lucas,5
1193,5_jackson_0.wav,jackson,5
1194,6_lucas_34.wav,lucas,6
1195,3_nicolas_47.wav,nicolas,3
1196,8_nicolas_27.wav,nicolas,8
1197,1_theo_14.wav,theo,1
1198,8_nicolas_12.wav,nicolas,8
1199,3_yweweler_30.wav,yweweler,3
1200,2_theo_31.wav,theo,2
1201,6_theo_19.wav,theo,6
1202,3_nicolas_34.wav,nicolas,3
1203,5_george_14.wav,george,5
1204,1_jackson_26.wav,jackson,1
1205,5_theo_30.wav,theo,5
1206,5_jackson_34.wav,jackson,5
1207,2_george_20.wav,george,2
1208,2_nicolas_16.wav,nicolas,2
1209,3_george_38.wav,george,3
1210,2_jackson_15.wav,jackson,2
1211,2_george_11.wav,george,2
1212,3_lucas_11.wav,lucas,3
1213,9_yweweler_8.wav,yweweler,9
1214,8_nicolas_4.wav,nicolas,8
1215,8_jackson_29.wav,jackson,8
1216,4_theo_40.wav,theo,4
1217,1_lucas_48.wav,lucas,1
1218,2_theo_2.wav,theo,2
1219,5_lucas_31.wav,lucas,5
1220,4_yweweler_4.wav,yweweler,4
1221,4_george_4.wav,george,4
1222,7_lucas_4.wav,lucas,7
1223,5_jackson_27.wav,jackson,5
1224,5_lucas_14.wav,lucas,5
1225,6_nicolas_13.wav,nicolas,6
1226,1_theo_32.wav,theo,1
1227,8_jackson_7.wav,jackson,8
1228,1_george_40.wav,george,1
1229,2_theo_28.wav,theo,2
1230,3_theo_23.wav,theo,3
1231,2_yweweler_29.wav,yweweler,2
1232,8_george_47.wav,george,8
1233,9_jackson_37.wav,jackson,9
1234,0_george_0.wav,george,0
1235,0_nicolas_9.wav,nicolas,0
1236,1_jackson_31.wav,jackson,1
1237,8_nicolas_23.wav,nicolas,8
1238,7_george_17.wav,george,7
1239,8_george_46.wav,george,8
1240,7_theo_1.wav,theo,7
1241,5_yweweler_23.wav,yweweler,5
1242,3_jackson_15.wav,jackson,3
1243,3_nicolas_6.wav,nicolas,3
1244,0_jackson_21.wav,jackson,0
1245,9_george_19.wav,george,9
1246,3_nicolas_48.wav,nicolas,3
1247,5_george_20.wav,george,5
1248,6_yweweler_22.wav,yweweler,6
1249,9_nicolas_1.wav,nicolas,9
1250,4_jackson_24.wav,jackson,4
1251,1_george_11.wav,george,1
1252,2_nicolas_43.wav,nicolas,2
1253,4_jackson_39.wav,jackson,4
1254,5_lucas_9.wav,lucas,5
1255,2_yweweler_39.wav,yweweler,2
1256,3_theo_16.wav,theo,3
1257,2_jackson_21.wav,jackson,2
1258,3_jackson_33.wav,jackson,3
1259,8_george_9.wav,george,8
1260,3_nicolas_45.wav,nicolas,3
1261,3_theo_40.wav,theo,3
1262,9_george_27.wav,george,9
1263,0_nicolas_13.wav,nicolas,0
1264,9_george_29.wav,george,9
1265,3_yweweler_24.wav,yweweler,3
1266,5_lucas_22.wav,lucas,5
1267,1_george_33.wav,george,1
1268,3_nicolas_49.wav,nicolas,3
1269,1_george_15.wav,george,1
1270,4_jackson_47.wav,jackson,4
1271,9_yweweler_48.wav,yweweler,9
1272,3_nicolas_12.wav,nicolas,3
1273,4_theo_49.wav,theo,4
1274,8_george_24.wav,george,8
1275,2_yweweler_27.wav,yweweler,2
1276,8_nicolas_34.wav,nicolas,8
1277,9_yweweler_39.wav,yweweler,9
1278,0_george_26.wav,george,0
1279,3_lucas_32.wav,lucas,3
1280,8_george_45.wav,george,8
1281,9_george_37.wav,george,9
1282,6_theo_36.wav,theo,6
1283,7_jackson_49.wav,jackson,7
1284,0_yweweler_10.wav,yweweler,0
1285,6_george_38.wav,george,6
1286,9_nicolas_4.wav,nicolas,9
1287,1_george_14.wav,george,1
1288,5_lucas_3.wav,lucas,5
1289,0_jackson_38.wav,jackson,0
1290,8_nicolas_24.wav,nicolas,8
1291,7_nicolas_25.wav,nicolas,7
1292,7_george_20.wav,george,7
1293,8_yweweler_18.wav,yweweler,8
1294,9_jackson_17.wav,jackson,9
1295,8_nicolas_31.wav,nicolas,8
1296,4_lucas_6.wav,lucas,4
1297,1_jackson_10.wav,jackson,1
1298,4_george_7.wav,george,4
1299,7_theo_30.wav,theo,7
1300,6_nicolas_12.wav,nicolas,6
1301,8_george_3.wav,george,8
1302,5_jackson_23.wav,jackson,5
1303,6_jackson_4.wav,jackson,6
1304,1_yweweler_34.wav,yweweler,1
1305,8_yweweler_14.wav,yweweler,8
1306,0_george_39.wav,george,0
1307,3_yweweler_1.wav,yweweler,3
1308,5_lucas_40.wav,lucas,5
1309,9_jackson_15.wav,jackson,9
1310,7_nicolas_12.wav,nicolas,7
1311,1_lucas_4.wav,lucas,1
1312,7_yweweler_28.wav,yweweler,7
1313,1_jackson_19.wav,jackson,1
1314,3_jackson_34.wav,jackson,3
1315,4_nicolas_40.wav,nicolas,4
1316,8_theo_15.wav,theo,8
1317,5_yweweler_5.wav,yweweler,5
1318,4_jackson_3.wav,jackson,4
1319,1_jackson_47.wav,jackson,1
1320,1_jackson_1.wav,jackson,1
1321,5_george_39.wav,george,5
1322,2_theo_14.wav,theo,2
1323,8_nicolas_47.wav,nicolas,8
1324,9_nicolas_9.wav,nicolas,9
1325,9_lucas_49.wav,lucas,9
1326,4_nicolas_49.wav,nicolas,4
1327,3_yweweler_46.wav,yweweler,3
1328,3_lucas_41.wav,lucas,3
1329,3_lucas_30.wav,lucas,3
1330,5_theo_29.wav,theo,5
1331,1_george_29.wav,george,1
1332,2_george_36.wav,george,2
1333,9_theo_40.wav,theo,9
1334,0_nicolas_11.wav,nicolas,0
1335,5_george_45.wav,george,5
1336,9_theo_23.wav,theo,9
1337,1_yweweler_2.wav,yweweler,1
1338,0_george_31.wav,george,0
1339,4_theo_23.wav,theo,4
1340,7_jackson_27.wav,jackson,7
1341,4_george_36.wav,george,4
1342,9_theo_33.wav,theo,9
1343,6_theo_4.wav,theo,6
1344,9_lucas_28.wav,lucas,9
1345,9_george_38.wav,george,9
1346,8_yweweler_9.wav,yweweler,8
1347,9_theo_27.wav,theo,9
1348,7_theo_29.wav,theo,7
1349,0_nicolas_3.wav,nicolas,0
1350,7_george_44.wav,george,7
1351,5_lucas_25.wav,lucas,5
1352,1_lucas_27.wav,lucas,1
1353,5_lucas_36.wav,lucas,5
1354,1_nicolas_48.wav,nicolas,1
1355,4_yweweler_33.wav,yweweler,4
1356,0_nicolas_18.wav,nicolas,0
1357,0_george_35.wav,george,0
1358,1_jackson_22.wav,jackson,1
1359,0_lucas_3.wav,lucas,0
1360,8_george_14.wav,george,8
1361,9_yweweler_12.wav,yweweler,9
1362,5_yweweler_8.wav,yweweler,5
1363,1_jackson_30.wav,jackson,1
1364,6_jackson_30.wav,jackson,6
1365,5_george_12.wav,george,5
1366,1_nicolas_25.wav,nicolas,1
1367,1_yweweler_17.wav,yweweler,1
1368,9_lucas_1.wav,lucas,9
1369,1_yweweler_11.wav,yweweler,1
1370,2_jackson_45.wav,jackson,2
1371,9_nicolas_31.wav,nicolas,9
1372,5_yweweler_6.wav,yweweler,5
1373,2_lucas_6.wav,lucas,2
1374,4_jackson_31.wav,jackson,4
1375,3_lucas_2.wav,lucas,3
1376,9_george_25.wav,george,9
1377,0_theo_38.wav,theo,0
1378,3_theo_4.wav,theo,3
1379,2_nicolas_20.wav,nicolas,2
1380,8_jackson_32.wav,jackson,8
1381,4_nicolas_3.wav,nicolas,4
1382,2_yweweler_45.wav,yweweler,2
1383,0_jackson_20.wav,jackson,0
1384,7_nicolas_29.wav,nicolas,7
1385,2_yweweler_48.wav,yweweler,2
1386,9_george_30.wav,george,9
1387,1_jackson_46.wav,jackson,1
1388,6_yweweler_14.wav,yweweler,6
1389,3_lucas_28.wav,lucas,3
1390,8_nicolas_16.wav,nicolas,8
1391,5_lucas_20.wav,lucas,5
1392,7_theo_32.wav,theo,7
1393,1_theo_49.wav,theo,1
1394,1_yweweler_37.wav,yweweler,1
1395,4_lucas_0.wav,lucas,4
1396,5_nicolas_6.wav,nicolas,5
1397,9_lucas_4.wav,lucas,9
1398,9_yweweler_17.wav,yweweler,9
1399,8_lucas_32.wav,lucas,8
1400,7_nicolas_39.wav,nicolas,7
1401,6_george_41.wav,george,6
1402,4_theo_30.wav,theo,4
1403,6_lucas_6.wav,lucas,6
1404,3_nicolas_30.wav,nicolas,3
1405,9_yweweler_38.wav,yweweler,9
1406,2_george_12.wav,george,2
1407,8_jackson_1.wav,jackson,8
1408,3_yweweler_7.wav,yweweler,3
1409,3_theo_25.wav,theo,3
1410,3_jackson_27.wav,jackson,3
1411,6_george_24.wav,george,6
1412,5_yweweler_34.wav,yweweler,5
1413,5_yweweler_14.wav,yweweler,5
1414,0_yweweler_20.wav,yweweler,0
1415,6_jackson_27.wav,jackson,6
1416,0_lucas_13.wav,lucas,0
1417,6_jackson_29.wav,jackson,6
1418,3_nicolas_42.wav,nicolas,3
1419,9_lucas_0.wav,lucas,9
1420,8_nicolas_40.wav,nicolas,8
1421,3_theo_45.wav,theo,3
1422,6_nicolas_23.wav,nicolas,6
1423,1_lucas_3.wav,lucas,1
1424,7_lucas_15.wav,lucas,7
1425,4_lucas_12.wav,lucas,4
1426,1_jackson_3.wav,jackson,1
1427,7_theo_48.wav,theo,7
1428,6_lucas_7.wav,lucas,6
1429,2_yweweler_18.wav,yweweler,2
1430,7_george_37.wav,george,7
1431,8_nicolas_19.wav,nicolas,8
1432,5_theo_34.wav,theo,5
1433,9_yweweler_44.wav,yweweler,9
1434,4_george_17.wav,george,4
1435,9_jackson_7.wav,jackson,9
1436,9_lucas_23.wav,lucas,9
1437,6_theo_8.wav,theo,6
1438,3_theo_7.wav,theo,3
1439,7_theo_44.wav,theo,7
1440,7_nicolas_34.wav,nicolas,7
1441,4_george_19.wav,george,4
1442,8_lucas_6.wav,lucas,8
1443,5_george_0.wav,george,5
1444,0_jackson_19.wav,jackson,0
1445,4_george_14.wav,george,4
1446,8_lucas_42.wav,lucas,8
1447,8_lucas_1.wav,lucas,8
1448,0_theo_43.wav,theo,0
1449,4_theo_25.wav,theo,4
1450,9_yweweler_22.wav,yweweler,9
1451,0_lucas_10.wav,lucas,0
1452,4_nicolas_5.wav,nicolas,4
1453,8_yweweler_21.wav,yweweler,8
1454,3_nicolas_18.wav,nicolas,3
1455,0_nicolas_24.wav,nicolas,0
1456,0_yweweler_17.wav,yweweler,0
1457,3_george_43.wav,george,3
1458,9_jackson_48.wav,jackson,9
1459,8_jackson_23.wav,jackson,8
1460,4_lucas_4.wav,lucas,4
1461,0_lucas_19.wav,lucas,0
1462,6_lucas_28.wav,lucas,6
1463,7_jackson_15.wav,jackson,7
1464,3_jackson_2.wav,jackson,3
1465,6_lucas_22.wav,lucas,6
1466,7_george_35.wav,george,7
1467,5_nicolas_17.wav,nicolas,5
1468,2_yweweler_43.wav,yweweler,2
1469,0_lucas_43.wav,lucas,0
1470,8_yweweler_10.wav,yweweler,8
1471,3_nicolas_32.wav,nicolas,3
1472,8_yweweler_37.wav,yweweler,8
1473,5_theo_16.wav,theo,5
1474,8_yweweler_20.wav,yweweler,8
1475,1_lucas_24.wav,lucas,1
1476,2_jackson_34.wav,jackson,2
1477,7_yweweler_32.wav,yweweler,7
1478,1_jackson_0.wav,jackson,1
1479,3_theo_6.wav,theo,3
1480,4_lucas_39.wav,lucas,4
1481,4_lucas_14.wav,lucas,4
1482,7_theo_17.wav,theo,7
1483,8_nicolas_39.wav,nicolas,8
1484,6_jackson_11.wav,jackson,6
1485,3_lucas_19.wav,lucas,3
1486,8_jackson_39.wav,jackson,8
1487,8_jackson_40.wav,jackson,8
1488,2_jackson_42.wav,jackson,2
1489,4_jackson_23.wav,jackson,4
1490,2_lucas_40.wav,lucas,2
1491,6_george_21.wav,george,6
1492,5_george_44.wav,george,5
1493,6_jackson_38.wav,jackson,6
1494,9_george_4.wav,george,9
1495,6_jackson_5.wav,jackson,6
1496,2_theo_33.wav,theo,2
1497,4_theo_38.wav,theo,4
1498,7_lucas_13.wav,lucas,7
1499,5_nicolas_32.wav,nicolas,5
1500,6_theo_20.wav,theo,6
1501,3_yweweler_4.wav,yweweler,3
1502,9_nicolas_34.wav,nicolas,9
1503,7_yweweler_31.wav,yweweler,7
1504,8_lucas_49.wav,lucas,8
1505,0_theo_20.wav,theo,0
1506,0_yweweler_1.wav,yweweler,0
1507,4_theo_28.wav,theo,4
1508,2_jackson_1.wav,jackson,2
1509,8_nicolas_21.wav,nicolas,8
1510,5_theo_0.wav,theo,5
1511,2_yweweler_17.wav,yweweler,2
1512,7_yweweler_16.wav,yweweler,7
1513,2_jackson_47.wav,jackson,2
1514,9_lucas_18.wav,lucas,9
1515,8_george_20.wav,george,8
1516,3_theo_24.wav,theo,3
1517,1_george_49.wav,george,1
1518,9_nicolas_32.wav,nicolas,9
1519,6_theo_28.wav,theo,6
1520,6_jackson_10.wav,jackson,6
1521,8_theo_22.wav,theo,8
1522,3_jackson_20.wav,jackson,3
1523,3_theo_35.wav,theo,3
1524,7_lucas_41.wav,lucas,7
1525,7_theo_9.wav,theo,7
1526,7_theo_20.wav,theo,7
1527,9_theo_31.wav,theo,9
1528,8_george_41.wav,george,8
1529,2_george_42.wav,george,2
1530,0_nicolas_44.wav,nicolas,0
1531,8_lucas_26.wav,lucas,8
1532,2_yweweler_41.wav,yweweler,2
1533,1_yweweler_13.wav,yweweler,1
1534,2_yweweler_11.wav,yweweler,2
1535,9_jackson_40.wav,jackson,9
1536,6_jackson_26.wav,jackson,6
1537,6_nicolas_0.wav,nicolas,6
1538,7_theo_18.wav,theo,7
1539,6_nicolas_48.wav,nicolas,6
1540,4_nicolas_0.wav,nicolas,4
1541,8_lucas_12.wav,lucas,8
1542,4_yweweler_21.wav,yweweler,4
1543,7_nicolas_35.wav,nicolas,7
1544,1_nicolas_3.wav,nicolas,1
1545,1_george_13.wav,george,1
1546,2_lucas_1.wav,lucas,2
1547,7_lucas_9.wav,lucas,7
1548,8_jackson_27.wav,jackson,8
1549,4_george_18.wav,george,4
1550,7_jackson_4.wav,jackson,7
1551,0_nicolas_30.wav,nicolas,0
1552,3_theo_19.wav,theo,3
1553,2_yweweler_1.wav,yweweler,2
1554,2_george_22.wav,george,2
1555,4_jackson_46.wav,jackson,4
1556,2_jackson_12.wav,jackson,2
1557,0_jackson_37.wav,jackson,0
1558,0_george_23.wav,george,0
1559,3_theo_0.wav,theo,3
1560,6_nicolas_40.wav,nicolas,6
1561,9_lucas_2.wav,lucas,9
1562,8_yweweler_46.wav,yweweler,8
1563,8_george_32.wav,george,8
1564,0_lucas_16.wav,lucas,0
1565,4_jackson_26.wav,jackson,4
1566,4_nicolas_28.wav,nicolas,4
1567,9_nicolas_6.wav,nicolas,9
1568,3_yweweler_26.wav,yweweler,3
1569,8_theo_32.wav,theo,8
1570,7_george_3.wav,george,7
1571,5_yweweler_3.wav,yweweler,5
1572,6_jackson_19.wav,jackson,6
1573,9_theo_25.wav,theo,9
1574,4_nicolas_38.wav,nicolas,4
1575,1_jackson_21.wav,jackson,1
1576,0_lucas_22.wav,lucas,0
1577,1_nicolas_44.wav,nicolas,1
1578,9_nicolas_25.wav,nicolas,9
1579,3_theo_5.wav,theo,3
1580,6_lucas_43.wav,lucas,6
1581,0_nicolas_37.wav,nicolas,0
1582,6_yweweler_20.wav,yweweler,6
1583,7_nicolas_11.wav,nicolas,7
1584,0_nicolas_46.wav,nicolas,0
1585,8_lucas_10.wav,lucas,8
1586,2_nicolas_36.wav,nicolas,2
1587,7_lucas_21.wav,lucas,7
1588,5_george_15.wav,george,5
1589,5_theo_36.wav,theo,5
1590,9_yweweler_5.wav,yweweler,9
1591,5_nicolas_49.wav,nicolas,5
1592,2_theo_43.wav,theo,2
1593,4_theo_11.wav,theo,4
1594,2_yweweler_2.wav,yweweler,2
1595,1_lucas_25.wav,lucas,1
1596,6_nicolas_36.wav,nicolas,6
1597,5_yweweler_43.wav,yweweler,5
1598,4_nicolas_11.wav,nicolas,4
1599,2_theo_27.wav,theo,2
1600,5_nicolas_13.wav,nicolas,5
1601,3_george_47.wav,george,3
1602,1_george_32.wav,george,1
1603,5_theo_41.wav,theo,5
1604,1_theo_10.wav,theo,1
1605,6_george_34.wav,george,6
1606,3_yweweler_49.wav,yweweler,3
1607,8_george_8.wav,george,8
1608,3_jackson_47.wav,jackson,3
1609,1_jackson_44.wav,jackson,1
1610,8_nicolas_25.wav,nicolas,8
1611,5_lucas_47.wav,lucas,5
1612,2_lucas_10.wav,lucas,2
1613,0_george_5.wav,george,0
1614,8_theo_33.wav,theo,8
1615,6_george_0.wav,george,6
1616,1_nicolas_49.wav,nicolas,1
1617,7_lucas_43.wav,lucas,7
1618,6_jackson_13.wav,jackson,6
1619,0_nicolas_31.wav,nicolas,0
1620,9_lucas_42.wav,lucas,9
1621,4_theo_13.wav,theo,4
1622,6_nicolas_6.wav,nicolas,6
1623,6_nicolas_45.wav,nicolas,6
1624,7_lucas_27.wav,lucas,7
1625,7_nicolas_9.wav,nicolas,7
1626,8_yweweler_38.wav,yweweler,8
1627,1_yweweler_7.wav,yweweler,1
1628,1_nicolas_35.wav,nicolas,1
1629,7_george_4.wav,george,7
1630,7_lucas_0.wav,lucas,7
1631,6_theo_18.wav,theo,6
1632,9_yweweler_0.wav,yweweler,9
1633,0_jackson_30.wav,jackson,0
1634,5_george_6.wav,george,5
1635,3_jackson_19.wav,jackson,3
1636,2_nicolas_37.wav,nicolas,2
1637,2_yweweler_8.wav,yweweler,2
1638,1_jackson_15.wav,jackson,1
1639,8_george_39.wav,george,8
1640,0_theo_48.wav,theo,0
1641,7_theo_12.wav,theo,7
1642,2_theo_36.wav,theo,2
1643,8_lucas_16.wav,lucas,8
1644,7_yweweler_3.wav,yweweler,7
1645,4_yweweler_28.wav,yweweler,4
1646,1_jackson_45.wav,jackson,1
1647,2_nicolas_22.wav,nicolas,2
1648,9_jackson_9.wav,jackson,9
1649,8_lucas_4.wav,lucas,8
1650,5_nicolas_28.wav,nicolas,5
1651,3_theo_46.wav,theo,3
1652,7_lucas_23.wav,lucas,7
1653,6_george_14.wav,george,6
1654,1_nicolas_47.wav,nicolas,1
1655,3_nicolas_4.wav,nicolas,3
1656,5_theo_32.wav,theo,5
1657,9_nicolas_28.wav,nicolas,9
1658,8_lucas_35.wav,lucas,8
1659,5_george_27.wav,george,5
1660,4_lucas_2.wav,lucas,4
1661,0_lucas_38.wav,lucas,0
1662,6_nicolas_26.wav,nicolas,6
1663,5_theo_17.wav,theo,5
1664,6_lucas_2.wav,lucas,6
1665,9_lucas_44.wav,lucas,9
1666,4_nicolas_44.wav,nicolas,4
1667,9_theo_39.wav,theo,9
1668,4_theo_31.wav,theo,4
1669,7_jackson_7.wav,jackson,7
1670,4_theo_37.wav,theo,4
1671,5_nicolas_46.wav,nicolas,5
1672,3_george_9.wav,george,3
1673,2_lucas_36.wav,lucas,2
1674,2_jackson_8.wav,jackson,2
1675,5_lucas_8.wav,lucas,5
1676,7_george_5.wav,george,7
1677,2_jackson_5.wav,jackson,2
1678,2_yweweler_47.wav,yweweler,2
1679,9_george_26.wav,george,9
1680,5_theo_4.wav,theo,5
1681,9_lucas_22.wav,lucas,9
1682,2_yweweler_49.wav,yweweler,2
1683,9_george_49.wav,george,9
1684,6_lucas_10.wav,lucas,6
1685,9_jackson_16.wav,jackson,9
1686,9_yweweler_25.wav,yweweler,9
1687,1_theo_18.wav,theo,1
1688,5_george_47.wav,george,5
1689,4_jackson_17.wav,jackson,4
1690,9_nicolas_47.wav,nicolas,9
1691,7_nicolas_0.wav,nicolas,7
1692,5_jackson_38.wav,jackson,5
1693,6_george_9.wav,george,6
1694,2_theo_15.wav,theo,2
1695,0_lucas_49.wav,lucas,0
1696,4_lucas_16.wav,lucas,4
1697,8_yweweler_29.wav,yweweler,8
1698,0_nicolas_48.wav,nicolas,0
1699,4_jackson_40.wav,jackson,4
1700,5_theo_13.wav,theo,5
1701,0_george_17.wav,george,0
1702,4_yweweler_9.wav,yweweler,4
1703,0_theo_40.wav,theo,0
1704,9_theo_29.wav,theo,9
1705,1_george_24.wav,george,1
1706,8_yweweler_2.wav,yweweler,8
1707,0_lucas_36.wav,lucas,0
1708,6_yweweler_42.wav,yweweler,6
1709,0_lucas_0.wav,lucas,0
1710,8_lucas_22.wav,lucas,8
1711,4_lucas_30.wav,lucas,4
1712,0_theo_41.wav,theo,0
1713,3_george_10.wav,george,3
1714,4_theo_48.wav,theo,4
1715,8_jackson_16.wav,jackson,8
1716,5_jackson_20.wav,jackson,5
1717,9_theo_14.wav,theo,9
1718,5_nicolas_12.wav,nicolas,5
1719,9_nicolas_2.wav,nicolas,9
1720,7_theo_37.wav,theo,7
1721,7_lucas_24.wav,lucas,7
1722,3_lucas_20.wav,lucas,3
1723,6_theo_43.wav,theo,6
1724,0_lucas_39.wav,lucas,0
1725,8_theo_30.wav,theo,8
1726,0_george_46.wav,george,0
1727,9_yweweler_21.wav,yweweler,9
1728,3_nicolas_19.wav,nicolas,3
1729,0_theo_42.wav,theo,0
1730,9_george_36.wav,george,9
1731,6_theo_39.wav,theo,6
1732,1_theo_44.wav,theo,1
1733,3_jackson_39.wav,jackson,3
1734,9_theo_4.wav,theo,9
1735,8_jackson_49.wav,jackson,8
1736,4_jackson_48.wav,jackson,4
1737,8_lucas_39.wav,lucas,8
1738,7_jackson_6.wav,jackson,7
1739,7_yweweler_26.wav,yweweler,7
1740,6_theo_35.wav,theo,6
1741,8_george_42.wav,george,8
1742,5_george_49.wav,george,5
1743,6_yweweler_6.wav,yweweler,6
1744,2_george_33.wav,george,2
1745,5_lucas_28.wav,lucas,5
1746,0_jackson_10.wav,jackson,0
1747,5_george_19.wav,george,5
1748,7_nicolas_42.wav,nicolas,7
1749,3_yweweler_13.wav,yweweler,3
1750,5_nicolas_18.wav,nicolas,5
1751,1_lucas_47.wav,lucas,1
1752,4_theo_22.wav,theo,4
1753,0_jackson_34.wav,jackson,0
1754,2_george_8.wav,george,2
1755,8_yweweler_5.wav,yweweler,8
1756,5_lucas_37.wav,lucas,5
1757,3_lucas_6.wav,lucas,3
1758,9_jackson_27.wav,jackson,9
1759,3_jackson_25.wav,jackson,3
1760,6_jackson_47.wav,jackson,6
1761,9_theo_44.wav,theo,9
1762,2_lucas_16.wav,lucas,2
1763,6_jackson_3.wav,jackson,6
1764,0_george_36.wav,george,0
1765,9_nicolas_22.wav,nicolas,9
1766,6_theo_49.wav,theo,6
1767,2_theo_38.wav,theo,2
1768,1_george_1.wav,george,1
1769,8_yweweler_41.wav,yweweler,8
1770,7_george_41.wav,george,7
1771,2_theo_0.wav,theo,2
1772,6_yweweler_37.wav,yweweler,6
1773,1_jackson_32.wav,jackson,1
1774,4_george_29.wav,george,4
1775,3_jackson_23.wav,jackson,3
1776,4_theo_18.wav,theo,4
1777,8_lucas_13.wav,lucas,8
1778,1_lucas_31.wav,lucas,1
1779,5_theo_28.wav,theo,5
1780,7_yweweler_44.wav,yweweler,7
1781,1_yweweler_44.wav,yweweler,1
1782,6_george_10.wav,george,6
1783,6_lucas_21.wav,lucas,6
1784,3_nicolas_10.wav,nicolas,3
1785,9_nicolas_20.wav,nicolas,9
1786,6_yweweler_43.wav,yweweler,6
1787,6_theo_0.wav,theo,6
1788,2_theo_46.wav,theo,2
1789,0_lucas_26.wav,lucas,0
1790,7_jackson_19.wav,jackson,7
1791,0_yweweler_6.wav,yweweler,0
1792,7_theo_2.wav,theo,7
1793,1_jackson_34.wav,jackson,1
1794,8_theo_19.wav,theo,8
1795,4_lucas_38.wav,lucas,4
1796,2_george_46.wav,george,2
1797,2_nicolas_48.wav,nicolas,2
1798,5_theo_8.wav,theo,5
1799,6_theo_33.wav,theo,6
1800,6_nicolas_25.wav,nicolas,6
1801,0_theo_49.wav,theo,0
1802,3_yweweler_32.wav,yweweler,3
1803,4_yweweler_30.wav,yweweler,4
1804,1_george_30.wav,george,1
1805,4_jackson_8.wav,jackson,4
1806,5_lucas_16.wav,lucas,5
1807,9_lucas_30.wav,lucas,9
1808,1_yweweler_42.wav,yweweler,1
1809,0_jackson_46.wav,jackson,0
1810,7_yweweler_21.wav,yweweler,7
1811,6_jackson_21.wav,jackson,6
1812,5_theo_33.wav,theo,5
1813,9_yweweler_10.wav,yweweler,9
1814,4_theo_44.wav,theo,4
1815,7_jackson_40.wav,jackson,7
1816,2_george_0.wav,george,2
1817,5_yweweler_36.wav,yweweler,5
1818,2_george_40.wav,george,2
1819,4_yweweler_45.wav,yweweler,4
1820,5_george_38.wav,george,5
1821,1_nicolas_22.wav,nicolas,1
1822,5_nicolas_38.wav,nicolas,5
1823,5_jackson_45.wav,jackson,5
1824,1_jackson_17.wav,jackson,1
1825,2_nicolas_34.wav,nicolas,2
1826,5_theo_25.wav,theo,5
1827,5_theo_6.wav,theo,5
1828,8_nicolas_35.wav,nicolas,8
1829,1_lucas_39.wav,lucas,1
1830,3_george_40.wav,george,3
1831,0_theo_34.wav,theo,0
1832,8_lucas_41.wav,lucas,8
1833,6_yweweler_47.wav,yweweler,6
1834,1_george_19.wav,george,1
1835,7_jackson_18.wav,jackson,7
1836,8_yweweler_30.wav,yweweler,8
1837,7_yweweler_40.wav,yweweler,7
1838,6_lucas_45.wav,lucas,6
1839,6_theo_27.wav,theo,6
1840,8_yweweler_22.wav,yweweler,8
1841,3_nicolas_8.wav,nicolas,3
1842,3_lucas_5.wav,lucas,3
1843,6_yweweler_33.wav,yweweler,6
1844,0_yweweler_49.wav,yweweler,0
1845,3_theo_8.wav,theo,3
1846,0_theo_39.wav,theo,0
1847,1_lucas_20.wav,lucas,1
1848,2_nicolas_4.wav,nicolas,2
1849,0_yweweler_2.wav,yweweler,0
1850,9_jackson_49.wav,jackson,9
1851,3_nicolas_36.wav,nicolas,3
1852,8_yweweler_24.wav,yweweler,8
1853,7_george_46.wav,george,7
1854,6_lucas_1.wav,lucas,6
1855,0_yweweler_4.wav,yweweler,0
1856,3_jackson_46.wav,jackson,3
1857,5_theo_18.wav,theo,5
1858,6_lucas_17.wav,lucas,6
1859,8_lucas_8.wav,lucas,8
1860,2_jackson_23.wav,jackson,2
1861,6_lucas_4.wav,lucas,6
1862,6_yweweler_31.wav,yweweler,6
1863,8_yweweler_4.wav,yweweler,8
1864,7_theo_23.wav,theo,7
1865,6_yweweler_4.wav,yweweler,6
1866,7_nicolas_24.wav,nicolas,7
1867,6_george_33.wav,george,6
1868,4_yweweler_10.wav,yweweler,4
1869,2_theo_42.wav,theo,2
1870,5_theo_45.wav,theo,5
1871,8_lucas_15.wav,lucas,8
1872,3_theo_3.wav,theo,3
1873,8_jackson_25.wav,jackson,8
1874,9_lucas_29.wav,lucas,9
1875,3_lucas_22.wav,lucas,3
1876,9_jackson_47.wav,jackson,9
1877,2_theo_41.wav,theo,2
1878,6_lucas_48.wav,lucas,6
1879,8_lucas_30.wav,lucas,8
1880,9_jackson_12.wav,jackson,9
1881,6_lucas_41.wav,lucas,6
1882,9_nicolas_36.wav,nicolas,9
1883,4_george_39.wav,george,4
1884,5_jackson_26.wav,jackson,5
1885,1_lucas_35.wav,lucas,1
1886,5_yweweler_44.wav,yweweler,5
1887,7_nicolas_49.wav,nicolas,7
1888,3_jackson_32.wav,jackson,3
1889,2_yweweler_22.wav,yweweler,2
1890,6_theo_41.wav,theo,6
1891,9_theo_8.wav,theo,9
1892,7_yweweler_4.wav,yweweler,7
1893,2_yweweler_12.wav,yweweler,2
1894,2_george_25.wav,george,2
1895,3_theo_15.wav,theo,3
1896,4_george_37.wav,george,4
1897,2_yweweler_19.wav,yweweler,2
1898,6_george_16.wav,george,6
1899,8_lucas_17.wav,lucas,8
1900,7_nicolas_18.wav,nicolas,7
1901,5_theo_24.wav,theo,5
1902,0_george_16.wav,george,0
1903,7_lucas_11.wav,lucas,7
1904,0_theo_30.wav,theo,0
1905,0_jackson_44.wav,jackson,0
1906,8_theo_18.wav,theo,8
1907,8_jackson_10.wav,jackson,8
1908,6_lucas_31.wav,lucas,6
1909,6_yweweler_5.wav,yweweler,6
1910,3_george_18.wav,george,3
1911,4_theo_43.wav,theo,4
1912,8_jackson_37.wav,jackson,8
1913,3_theo_30.wav,theo,3
1914,9_george_35.wav,george,9
1915,6_jackson_37.wav,jackson,6
1916,3_lucas_4.wav,lucas,3
1917,8_nicolas_14.wav,nicolas,8
1918,2_lucas_21.wav,lucas,2
1919,4_george_31.wav,george,4
1920,5_lucas_11.wav,lucas,5
1921,6_jackson_9.wav,jackson,6
1922,9_nicolas_33.wav,nicolas,9
1923,4_lucas_35.wav,lucas,4
1924,9_theo_30.wav,theo,9
1925,0_george_6.wav,george,0
1926,0_jackson_26.wav,jackson,0
1927,5_nicolas_10.wav,nicolas,5
1928,6_lucas_40.wav,lucas,6
1929,7_yweweler_11.wav,yweweler,7
1930,8_nicolas_11.wav,nicolas,8
1931,6_jackson_42.wav,jackson,6
1932,8_george_35.wav,george,8
1933,1_nicolas_33.wav,nicolas,1
1934,5_theo_9.wav,theo,5
1935,2_yweweler_37.wav,yweweler,2
1936,6_yweweler_24.wav,yweweler,6
1937,0_lucas_35.wav,lucas,0
1938,8_lucas_23.wav,lucas,8
1939,2_jackson_39.wav,jackson,2
1940,3_yweweler_28.wav,yweweler,3
1941,1_jackson_49.wav,jackson,1
1942,8_theo_10.wav,theo,8
1943,7_lucas_44.wav,lucas,7
1944,7_lucas_45.wav,lucas,7
1945,9_george_0.wav,george,9
1946,5_yweweler_9.wav,yweweler,5
1947,6_yweweler_36.wav,yweweler,6
1948,1_george_26.wav,george,1
1949,9_george_44.wav,george,9
1950,5_theo_7.wav,theo,5
1951,8_lucas_47.wav,lucas,8
1952,2_george_19.wav,george,2
1953,0_theo_10.wav,theo,0
1954,6_lucas_42.wav,lucas,6
1955,4_theo_16.wav,theo,4
1956,2_george_39.wav,george,2
1957,0_theo_28.wav,theo,0
1958,4_yweweler_8.wav,yweweler,4
1959,1_george_23.wav,george,1
1960,1_nicolas_6.wav,nicolas,1
1961,2_george_14.wav,george,2
1962,3_nicolas_11.wav,nicolas,3
1963,7_george_34.wav,george,7
1964,1_theo_8.wav,theo,1
1965,7_lucas_36.wav,lucas,7
1966,3_jackson_31.wav,jackson,3
1967,2_lucas_7.wav,lucas,2
1968,9_nicolas_14.wav,nicolas,9
1969,2_nicolas_29.wav,nicolas,2
1970,9_theo_35.wav,theo,9
1971,6_jackson_16.wav,jackson,6
1972,7_yweweler_27.wav,yweweler,7
1973,7_nicolas_20.wav,nicolas,7
1974,9_george_46.wav,george,9
1975,9_theo_32.wav,theo,9
1976,0_nicolas_0.wav,nicolas,0
1977,1_theo_31.wav,theo,1
1978,9_nicolas_48.wav,nicolas,9
1979,5_george_7.wav,george,5
1980,4_jackson_30.wav,jackson,4
1981,5_jackson_41.wav,jackson,5
1982,2_nicolas_45.wav,nicolas,2
1983,1_yweweler_25.wav,yweweler,1
1984,4_theo_41.wav,theo,4
1985,8_yweweler_3.wav,yweweler,8
1986,8_theo_39.wav,theo,8
1987,2_george_21.wav,george,2
1988,5_nicolas_26.wav,nicolas,5
1989,6_yweweler_18.wav,yweweler,6
1990,4_george_46.wav,george,4
1991,9_nicolas_41.wav,nicolas,9
1992,1_theo_38.wav,theo,1
1993,4_yweweler_46.wav,yweweler,4
1994,5_jackson_5.wav,jackson,5
1995,7_jackson_29.wav,jackson,7
1996,3_jackson_12.wav,jackson,3
1997,5_yweweler_16.wav,yweweler,5
1998,7_george_32.wav,george,7
1999,2_nicolas_38.wav,nicolas,2
2000,5_lucas_6.wav,lucas,5
2001,4_george_42.wav,george,4
2002,8_george_23.wav,george,8
2003,4_nicolas_12.wav,nicolas,4
2004,0_jackson_9.wav,jackson,0
2005,2_yweweler_42.wav,yweweler,2
2006,6_nicolas_4.wav,nicolas,6
2007,5_yweweler_33.wav,yweweler,5
2008,3_george_2.wav,george,3
2009,1_george_4.wav,george,1
2010,2_nicolas_1.wav,nicolas,2
2011,0_lucas_27.wav,lucas,0
2012,2_george_24.wav,george,2
2013,3_yweweler_22.wav,yweweler,3
2014,9_george_10.wav,george,9
2015,9_george_18.wav,george,9
2016,8_theo_0.wav,theo,8
2017,6_george_13.wav,george,6
2018,4_george_3.wav,george,4
2019,0_george_10.wav,george,0
2020,1_jackson_11.wav,jackson,1
2021,4_yweweler_24.wav,yweweler,4
2022,8_george_36.wav,george,8
2023,2_yweweler_13.wav,yweweler,2
2024,5_nicolas_5.wav,nicolas,5
2025,8_george_17.wav,george,8
2026,2_jackson_14.wav,jackson,2
2027,5_george_9.wav,george,5
2028,7_nicolas_23.wav,nicolas,7
2029,3_theo_33.wav,theo,3
2030,5_theo_46.wav,theo,5
2031,6_jackson_43.wav,jackson,6
2032,7_yweweler_14.wav,yweweler,7
2033,8_jackson_15.wav,jackson,8
2034,4_nicolas_4.wav,nicolas,4
2035,0_george_45.wav,george,0
2036,4_jackson_22.wav,jackson,4
2037,6_jackson_45.wav,jackson,6
2038,6_theo_7.wav,theo,6
2039,3_lucas_9.wav,lucas,3
2040,9_yweweler_30.wav,yweweler,9
2041,9_nicolas_38.wav,nicolas,9
2042,6_nicolas_24.wav,nicolas,6
2043,7_nicolas_33.wav,nicolas,7
2044,1_jackson_6.wav,jackson,1
2045,0_theo_0.wav,theo,0
2046,0_nicolas_4.wav,nicolas,0
2047,5_nicolas_39.wav,nicolas,5
2048,2_yweweler_40.wav,yweweler,2
2049,2_jackson_0.wav,jackson,2
2050,0_yweweler_38.wav,yweweler,0
2051,1_yweweler_49.wav,yweweler,1
2052,8_theo_28.wav,theo,8
2053,1_george_2.wav,george,1
2054,9_jackson_14.wav,jackson,9
2055,2_nicolas_14.wav,nicolas,2
2056,5_nicolas_7.wav,nicolas,5
2057,9_george_15.wav,george,9
2058,3_lucas_16.wav,lucas,3
2059,9_theo_47.wav,theo,9
2060,3_yweweler_11.wav,yweweler,3
2061,1_jackson_33.wav,jackson,1
2062,3_george_28.wav,george,3
2063,0_jackson_28.wav,jackson,0
2064,1_theo_45.wav,theo,1
2065,7_jackson_38.wav,jackson,7
2066,0_lucas_47.wav,lucas,0
2067,4_jackson_5.wav,jackson,4
2068,6_nicolas_7.wav,nicolas,6
2069,5_yweweler_40.wav,yweweler,5
2070,8_lucas_28.wav,lucas,8
2071,0_george_27.wav,george,0
2072,9_lucas_21.wav,lucas,9
2073,1_theo_3.wav,theo,1
2074,7_jackson_17.wav,jackson,7
2075,9_lucas_14.wav,lucas,9
2076,7_theo_13.wav,theo,7
2077,2_george_27.wav,george,2
2078,5_theo_19.wav,theo,5
2079,9_jackson_45.wav,jackson,9
2080,4_lucas_8.wav,lucas,4
2081,2_jackson_29.wav,jackson,2
2082,7_yweweler_13.wav,yweweler,7
2083,5_jackson_15.wav,jackson,5
2084,1_nicolas_2.wav,nicolas,1
2085,2_jackson_6.wav,jackson,2
2086,7_nicolas_36.wav,nicolas,7
2087,4_george_16.wav,george,4
2088,3_nicolas_5.wav,nicolas,3
2089,6_jackson_41.wav,jackson,6
2090,5_george_43.wav,george,5
2091,0_theo_23.wav,theo,0
2092,0_jackson_23.wav,jackson,0
2093,7_yweweler_10.wav,yweweler,7
2094,3_jackson_11.wav,jackson,3
2095,5_lucas_4.wav,lucas,5
2096,7_jackson_44.wav,jackson,7
2097,9_nicolas_17.wav,nicolas,9
2098,7_nicolas_14.wav,nicolas,7
2099,1_yweweler_28.wav,yweweler,1
2100,0_george_47.wav,george,0
2101,2_yweweler_4.wav,yweweler,2
2102,1_jackson_35.wav,jackson,1
2103,8_jackson_33.wav,jackson,8
2104,3_yweweler_16.wav,yweweler,3
2105,1_lucas_28.wav,lucas,1
2106,8_yweweler_43.wav,yweweler,8
2107,2_nicolas_23.wav,nicolas,2
2108,0_lucas_2.wav,lucas,0
2109,4_theo_8.wav,theo,4
2110,2_jackson_24.wav,jackson,2
2111,4_nicolas_14.wav,nicolas,4
2112,9_theo_13.wav,theo,9
2113,4_lucas_42.wav,lucas,4
2114,5_theo_12.wav,theo,5
2115,9_nicolas_18.wav,nicolas,9
2116,8_nicolas_20.wav,nicolas,8
2117,0_george_20.wav,george,0
2118,8_nicolas_44.wav,nicolas,8
2119,8_lucas_7.wav,lucas,8
2120,7_george_43.wav,george,7
2121,7_lucas_17.wav,lucas,7
2122,2_yweweler_46.wav,yweweler,2
2123,5_yweweler_11.wav,yweweler,5
2124,6_theo_29.wav,theo,6
2125,8_george_13.wav,george,8
2126,7_yweweler_42.wav,yweweler,7
2127,4_theo_36.wav,theo,4
2128,0_yweweler_46.wav,yweweler,0
2129,9_yweweler_24.wav,yweweler,9
2130,8_theo_42.wav,theo,8
2131,8_nicolas_10.wav,nicolas,8
2132,1_lucas_21.wav,lucas,1
2133,5_theo_5.wav,theo,5
2134,0_yweweler_26.wav,yweweler,0
2135,2_nicolas_32.wav,nicolas,2
2136,8_george_0.wav,george,8
2137,1_theo_4.wav,theo,1
2138,3_lucas_45.wav,lucas,3
2139,8_george_2.wav,george,8
2140,2_george_10.wav,george,2
2141,2_yweweler_33.wav,yweweler,2
2142,9_yweweler_1.wav,yweweler,9
2143,7_nicolas_41.wav,nicolas,7
2144,4_lucas_49.wav,lucas,4
2145,7_jackson_47.wav,jackson,7
2146,2_george_44.wav,george,2
2147,0_jackson_0.wav,jackson,0
2148,6_george_3.wav,george,6
2149,7_nicolas_15.wav,nicolas,7
2150,9_yweweler_6.wav,yweweler,9
2151,6_nicolas_14.wav,nicolas,6
2152,0_nicolas_6.wav,nicolas,0
2153,6_theo_6.wav,theo,6
2154,4_jackson_42.wav,jackson,4
2155,3_nicolas_26.wav,nicolas,3
2156,7_lucas_33.wav,lucas,7
2157,2_yweweler_35.wav,yweweler,2
2158,0_yweweler_32.wav,yweweler,0
2159,1_yweweler_20.wav,yweweler,1
2160,0_george_19.wav,george,0
2161,7_lucas_18.wav,lucas,7
2162,1_yweweler_45.wav,yweweler,1
2163,4_george_11.wav,george,4
2164,1_nicolas_38.wav,nicolas,1
2165,5_theo_49.wav,theo,5
2166,0_lucas_23.wav,lucas,0
2167,6_lucas_3.wav,lucas,6
2168,6_yweweler_19.wav,yweweler,6
2169,3_lucas_10.wav,lucas,3
2170,9_jackson_42.wav,jackson,9
2171,3_yweweler_15.wav,yweweler,3
2172,3_lucas_1.wav,lucas,3
2173,6_george_5.wav,george,6
2174,7_george_18.wav,george,7
2175,3_nicolas_41.wav,nicolas,3
2176,9_jackson_28.wav,jackson,9
2177,1_theo_23.wav,theo,1
2178,6_lucas_16.wav,lucas,6
2179,7_nicolas_21.wav,nicolas,7
2180,8_george_10.wav,george,8
2181,5_george_25.wav,george,5
2182,3_jackson_3.wav,jackson,3
2183,2_george_37.wav,george,2
2184,2_lucas_23.wav,lucas,2
2185,9_theo_34.wav,theo,9
2186,1_george_16.wav,george,1
2187,1_theo_39.wav,theo,1
2188,1_lucas_34.wav,lucas,1
2189,8_yweweler_40.wav,yweweler,8
2190,8_jackson_4.wav,jackson,8
2191,9_jackson_29.wav,jackson,9
2192,6_george_6.wav,george,6
2193,6_yweweler_1.wav,yweweler,6
2194,7_jackson_23.wav,jackson,7
2195,9_george_17.wav,george,9
2196,6_theo_34.wav,theo,6
2197,1_jackson_36.wav,jackson,1
2198,2_theo_25.wav,theo,2
2199,3_lucas_26.wav,lucas,3
2200,0_yweweler_14.wav,yweweler,0
2201,4_george_28.wav,george,4
2202,3_nicolas_39.wav,nicolas,3
2203,1_nicolas_42.wav,nicolas,1
2204,1_theo_43.wav,theo,1
2205,1_nicolas_23.wav,nicolas,1
2206,3_nicolas_23.wav,nicolas,3
2207,8_theo_12.wav,theo,8
2208,2_theo_34.wav,theo,2
2209,0_nicolas_42.wav,nicolas,0
2210,6_theo_26.wav,theo,6
2211,5_nicolas_11.wav,nicolas,5
2212,3_nicolas_17.wav,nicolas,3
2213,9_yweweler_43.wav,yweweler,9
2214,2_george_16.wav,george,2
2215,5_lucas_18.wav,lucas,5
2216,7_jackson_16.wav,jackson,7
2217,6_jackson_35.wav,jackson,6
2218,6_nicolas_47.wav,nicolas,6
2219,7_theo_4.wav,theo,7
2220,2_lucas_48.wav,lucas,2
2221,4_lucas_48.wav,lucas,4
2222,0_jackson_15.wav,jackson,0
2223,7_theo_42.wav,theo,7
2224,9_lucas_37.wav,lucas,9
2225,9_nicolas_0.wav,nicolas,9
2226,1_theo_6.wav,theo,1
2227,2_theo_26.wav,theo,2
2228,3_lucas_37.wav,lucas,3
2229,7_yweweler_18.wav,yweweler,7
2230,3_george_15.wav,george,3
2231,4_yweweler_41.wav,yweweler,4
2232,5_lucas_27.wav,lucas,5
2233,5_theo_1.wav,theo,5
2234,3_nicolas_7.wav,nicolas,3
2235,4_lucas_27.wav,lucas,4
2236,8_yweweler_32.wav,yweweler,8
2237,1_theo_33.wav,theo,1
2238,1_yweweler_0.wav,yweweler,1
2239,0_george_48.wav,george,0
2240,7_george_22.wav,george,7
2241,4_lucas_34.wav,lucas,4
2242,2_jackson_11.wav,jackson,2
2243,7_yweweler_17.wav,yweweler,7
2244,3_nicolas_46.wav,nicolas,3
2245,9_george_12.wav,george,9
2246,3_theo_34.wav,theo,3
2247,5_jackson_47.wav,jackson,5
2248,2_jackson_44.wav,jackson,2
2249,1_yweweler_39.wav,yweweler,1
2250,0_lucas_44.wav,lucas,0
2251,5_jackson_25.wav,jackson,5
2252,8_lucas_25.wav,lucas,8
2253,5_lucas_17.wav,lucas,5
2254,1_lucas_17.wav,lucas,1
2255,9_lucas_16.wav,lucas,9
2256,5_jackson_7.wav,jackson,5
2257,6_jackson_28.wav,jackson,6
2258,7_lucas_20.wav,lucas,7
2259,1_nicolas_20.wav,nicolas,1
2260,7_theo_7.wav,theo,7
2261,1_george_48.wav,george,1
2262,7_theo_27.wav,theo,7
2263,2_theo_22.wav,theo,2
2264,0_jackson_32.wav,jackson,0
2265,5_nicolas_1.wav,nicolas,5
2266,9_theo_28.wav,theo,9
2267,3_jackson_41.wav,jackson,3
2268,3_jackson_44.wav,jackson,3
2269,7_theo_19.wav,theo,7
2270,9_george_23.wav,george,9
2271,2_lucas_33.wav,lucas,2
2272,4_yweweler_12.wav,yweweler,4
2273,3_jackson_26.wav,jackson,3
2274,2_lucas_5.wav,lucas,2
2275,2_lucas_30.wav,lucas,2
2276,2_jackson_33.wav,jackson,2
2277,7_theo_8.wav,theo,7
2278,4_lucas_17.wav,lucas,4
2279,0_jackson_7.wav,jackson,0
2280,3_lucas_0.wav,lucas,3
2281,0_yweweler_40.wav,yweweler,0
2282,0_nicolas_45.wav,nicolas,0
2283,6_yweweler_39.wav,yweweler,6
2284,5_theo_21.wav,theo,5
2285,7_lucas_37.wav,lucas,7
2286,8_george_16.wav,george,8
2287,7_yweweler_15.wav,yweweler,7
2288,7_yweweler_46.wav,yweweler,7
2289,0_nicolas_7.wav,nicolas,0
2290,0_nicolas_14.wav,nicolas,0
2291,8_jackson_24.wav,jackson,8
2292,1_jackson_29.wav,jackson,1
2293,1_nicolas_30.wav,nicolas,1
2294,2_nicolas_33.wav,nicolas,2
2295,9_jackson_22.wav,jackson,9
2296,7_nicolas_45.wav,nicolas,7
2297,1_lucas_0.wav,lucas,1
2298,6_lucas_35.wav,lucas,6
2299,1_nicolas_18.wav,nicolas,1
2300,2_george_18.wav,george,2
2301,6_george_48.wav,george,6
2302,3_lucas_7.wav,lucas,3
2303,9_jackson_10.wav,jackson,9
2304,6_yweweler_30.wav,yweweler,6
2305,8_lucas_46.wav,lucas,8
2306,2_george_7.wav,george,2
2307,3_lucas_49.wav,lucas,3
2308,6_jackson_40.wav,jackson,6
2309,5_lucas_26.wav,lucas,5
2310,7_theo_3.wav,theo,7
2311,1_yweweler_9.wav,yweweler,1
2312,3_theo_13.wav,theo,3
2313,4_george_41.wav,george,4
2314,8_theo_24.wav,theo,8
2315,4_theo_0.wav,theo,4
2316,4_theo_2.wav,theo,4
2317,2_nicolas_30.wav,nicolas,2
2318,9_theo_46.wav,theo,9
2319,0_nicolas_5.wav,nicolas,0
2320,4_george_35.wav,george,4
2321,7_theo_33.wav,theo,7
2322,8_jackson_13.wav,jackson,8
2323,0_theo_22.wav,theo,0
2324,6_nicolas_10.wav,nicolas,6
2325,5_lucas_2.wav,lucas,5
2326,1_theo_7.wav,theo,1
2327,4_lucas_18.wav,lucas,4
2328,2_lucas_49.wav,lucas,2
2329,9_george_16.wav,george,9
2330,4_theo_20.wav,theo,4
2331,5_nicolas_30.wav,nicolas,5
2332,5_nicolas_48.wav,nicolas,5
2333,1_george_5.wav,george,1
2334,7_lucas_35.wav,lucas,7
2335,3_nicolas_2.wav,nicolas,3
2336,6_george_49.wav,george,6
2337,0_yweweler_11.wav,yweweler,0
2338,2_george_5.wav,george,2
2339,5_nicolas_24.wav,nicolas,5
2340,0_jackson_33.wav,jackson,0
2341,9_yweweler_14.wav,yweweler,9
2342,0_theo_9.wav,theo,0
2343,3_theo_31.wav,theo,3
2344,8_jackson_28.wav,jackson,8
2345,0_george_38.wav,george,0
2346,3_yweweler_12.wav,yweweler,3
2347,3_nicolas_15.wav,nicolas,3
2348,4_yweweler_5.wav,yweweler,4
2349,7_george_38.wav,george,7
2350,4_theo_9.wav,theo,4
2351,3_theo_43.wav,theo,3
2352,7_jackson_42.wav,jackson,7
2353,2_lucas_41.wav,lucas,2
2354,3_yweweler_37.wav,yweweler,3
2355,8_george_34.wav,george,8
2356,9_theo_26.wav,theo,9
2357,5_george_23.wav,george,5
2358,9_george_11.wav,george,9
2359,4_jackson_10.wav,jackson,4
2360,6_yweweler_25.wav,yweweler,6
2361,5_theo_43.wav,theo,5
2362,4_nicolas_20.wav,nicolas,4
2363,2_theo_5.wav,theo,2
2364,9_jackson_5.wav,jackson,9
2365,9_yweweler_37.wav,yweweler,9
2366,5_yweweler_31.wav,yweweler,5
2367,5_lucas_42.wav,lucas,5
2368,9_jackson_20.wav,jackson,9
2369,6_nicolas_39.wav,nicolas,6
2370,7_george_47.wav,george,7
2371,8_jackson_48.wav,jackson,8
2372,4_lucas_15.wav,lucas,4
2373,8_nicolas_32.wav,nicolas,8
2374,2_jackson_43.wav,jackson,2
2375,4_nicolas_6.wav,nicolas,4
2376,0_jackson_14.wav,jackson,0
2377,8_nicolas_3.wav,nicolas,8
2378,4_yweweler_25.wav,yweweler,4
2379,2_lucas_8.wav,lucas,2
2380,1_george_28.wav,george,1
2381,1_nicolas_24.wav,nicolas,1
2382,4_lucas_13.wav,lucas,4
2383,0_theo_24.wav,theo,0
2384,7_theo_45.wav,theo,7
2385,4_theo_3.wav,theo,4
2386,6_yweweler_11.wav,yweweler,6
2387,8_theo_7.wav,theo,8
2388,1_nicolas_17.wav,nicolas,1
2389,9_lucas_24.wav,lucas,9
2390,8_theo_27.wav,theo,8
2391,2_jackson_32.wav,jackson,2
2392,7_yweweler_1.wav,yweweler,7
2393,1_nicolas_19.wav,nicolas,1
2394,9_lucas_40.wav,lucas,9
2395,8_george_18.wav,george,8
2396,1_yweweler_27.wav,yweweler,1
2397,9_jackson_23.wav,jackson,9
2398,8_theo_48.wav,theo,8
2399,9_jackson_44.wav,jackson,9
